Abbr,League,Full Name,Divison,Conf
ARZ,NFL,Arizona Cardinals,WEST,NFC
ATL,NFL,Atlanta Falcons,SOUTH,NFC
BLT,NFL,Baltimore Ravens,NORTH,AFC
BUF,NFL,Buffalo Bills,EAST,AFC
CAR,NFL,Carolina Panthers,SOUTH,NFC
CHI,NFL,Chicago Bears,NORTH,NFC
CIN,NFL,Cincinnati Bengals,NORTH,AFC
CLV,NFL,Cleveland Browns,NORTH,AFC
DAL,NFL,Dallas Cowboys,EAST,NFC
DEN,NFL,Denver Broncos,WEST,AFC
DET,NFL,Detroit Lions,NORTH,NFC
GB,NFL,Green Bay Packers,NORTH,NFC
HST,NFL,Houston Texans,SOUTH,AFC
IND,NFL,Indianapolis Colts,SOUTH,AFC
JAX,NFL,Jacksonville Jaguars,SOUTH,AFC
KC,NFL,Kansas City Chiefs,WEST,AFC
LA,NFL,Los Angeles Rams,WEST,NFC
LAC,NFL,Los Angeles Chargers,WEST,AFC
LV,NFL,Las Vegas Raiders,WEST,AFC
MIA,NFL,Miami Dolphins,EAST,AFC
MIN,NFL,Minnesota Vikings,NORTH,NFC
NE,NFL,New England Patriots,EAST,AFC
NO,NFL,New Orleans Saints,SOUTH,NFC
NYG,NFL,New York Giants,EAST,NFC
NYJ,NFL,New York Jets,EAST,AFC
OAK,NFL,Oakland Raiders,WEST,AFC
PHI,NFL,Philadelphia Eagles,EAST,NFC
PIT,NFL,Pittsburgh Steelers,NORTH,AFC
SD,NFL,San Diego Chargers,WEST,AFC
SEA,NFL,Seattle Seahawks,WEST,NFC
SF,NFL,San Francisco 49ers,WEST,NFC
SL,NFL,St. Louis Rams,WEST,NFC
TB,NFL,Tampa Bay Buccaneers,SOUTH,NFC
TEN,NFL,Tennessee Titans,SOUTH,AFC
WAS,NFL,Washington Redskins,EAST,NFC
ABILENE CH,NCAA,Abilene Christian Wildcats,,FCS
ADRIAN,NCAA,Adrian Bulldogs,,D3
AIR FORCE,NCAA,Air Force Falcons,MWC,FBS
AKRON,NCAA,Akron Zips,MAC,FBS
ALAB A&M,NCAA,Alabama A&M Bulldogs,DWAC,FCS
ALABAMA,NCAA,Alabama Crimson Tide,SEC,FBS
ALABAMA ST,NCAA,Alabama State Hornets,,FCS
ALBANY,NCAA,,,
ALBANY ST,NCAA,,,
ALCORN ST,NCAA,,,
ALU,NCAA,,,
AMRINT,NCAA,,,
ANG ST,NCAA,,,
APP STATE,NCAA,,,
ARIZONA,NCAA,,,
ARIZONA ST,NCAA,,,
ARK STATE,NCAA,,,
ARKANSAS,NCAA,,,
ARKAPB,NCAA,,,
ARKBC,NCAA,,,
ARMY,NCAA,,,
ASSMPT,NCAA,,,
AUBURN,NCAA,,,
AUGBUR,NCAA,,,
AUSTINPEAY,NCAA,,,
AVEMAR,NCAA,,,
BALL ST,NCAA,,,
BARCOL,NCAA,,,
BAYLOR,NCAA,,,
BETH COOK,NCAA,,,
BLHLYJ,NCAA,,,
BLMSBG,NCAA,,,
BOISE ST,NCAA,,,
BOSTON COL,NCAA,,,
BOWIE ST,NCAA,,,
BOWL GREEN,NCAA,,,
BROWN,NCAA,,,
BRYANT,NCAA,,,
BSU,NCAA,,,
BUCKNELL,NCAA,,,
BUFFALO,NCAA,,,
BUTLER,NCAA,,,
BYU,NCAA,,,
Bent,NCAA,,,
C MICHIGAN,NCAA,,,
CAL,NCAA,,,
CAL POLY,NCAA,,,
CAMPBELL,NCAA,,,
CARLET,NCAA,,,
CARSON,NCAA,,,
CATAWB,NCAA,,,
CENT ARK,NCAA,,,
CENT CT ST,NCAA,,,
CENT WASH,NCAA,,,
CHADST,NCAA,,,
CHAPMA,NCAA,,,
CHARLES SO,NCAA,,,
CHARLOTTE,NCAA,,,
CHATTNOOGA,NCAA,,,
CINCINNATI,NCAA,,,
CITADEL,NCAA,,,
CLARK ATL,NCAA,,,
CLEMSON,NCAA,,,
COAST CAR,NCAA,,,
COLGATE,NCAA,,,
COLO STATE,NCAA,,,
COLORADO,NCAA,,,
COLUMBIA,NCAA,,,
COMESA,NCAA,,,
CONCMI,NCAA,,,
CONCORDIA,NCAA,,,
CORNELL,NCAA,,,
DARTMOUTH,NCAA,,,
DAVIDSON,NCAA,,,
DAYTON,NCAA,,,
DELAWARE,NCAA,,,
DELTAST,NCAA,,,
DELWARE ST,NCAA,,,
DEPAUW,NCAA,,,
DIXIE,NCAA,,,
DOMINION,NCAA,,,
DRAKE,NCAA,,,
DUKE,NCAA,,,
DUQUESNE,NCAA,,,
E CAROLINA,NCAA,,,
E ILLINOIS,NCAA,,,
E KENTUCKY,NCAA,,,
E MICHIGAN,NCAA,,,
E TENN ST,NCAA,,,
E WASHGTON,NCAA,,,
EANMGH,NCAA,,,
EAST CENT,NCAA,,,
ECU,NCAA,,,
ED WATERS,NCAA,,,
EDNBFS,NCAA,,,
ELIZBTH ST,NCAA,,,
ELON,NCAA,,,
FAU,NCAA,,,
FERRIS,NCAA,,,
FIU,NCAA,,,
FL A&M,NCAA,,,
FLKNR,NCAA,,,
FLMMRL,NCAA,,,
FLORIDA,NCAA,,,
FLORIDA ST,NCAA,,,
FORDHAM,NCAA,,,
FORT LEW,NCAA,,,
FRESNO ST,NCAA,,,
FRTVLY,NCAA,,,
FURMAN,NCAA,,,
Ferr,NCAA,,,
GA SOUTHRN,NCAA,,,
GA STATE,NCAA,,,
GA TECH,NCAA,,,
GARD-WEBB,NCAA,,,
GC,NCAA,,,
GEORGETOWN,NCAA,,,
GEORGIA,NCAA,,,
GRAMBLING,NCAA,,,
GUSADO,NCAA,,,
HA,NCAA,,,
HAMLIN,NCAA,,,
HAMPTON,NCAA,,,
HARVARD,NCAA,,,
HAWAII,NCAA,,,
HOLY CROSS,NCAA,,,
HOU BAPT,NCAA,,,
HOUCHR,NCAA,,,
HOUSTON,NCAA,,,
HOWARD,NCAA,,,
IDAHO,NCAA,,,
IDAHO ST,NCAA,,,
ILL STATE,NCAA,,,
ILLINOIS,NCAA,,,
INCAR WORD,NCAA,,,
INDIANA,NCAA,,,
INDIANA ST,NCAA,,,
INWSLY,NCAA,,,
IOWA,NCAA,,,
IOWA STATE,NCAA,,,
JACKSON ST,NCAA,,,
JAMES MAD,NCAA,,,
JVILLE,NCAA,,,
JVILLE ST,NCAA,,,
KANSAS,NCAA,,,
KANSAS ST,NCAA,,,
KEISER,NCAA,,,
KENNESAW,NCAA,,,
KENT STATE,NCAA,,,
KENTUCKY,NCAA,,,
KY STATE,NCAA,,,
KYCRST,NCAA,,,
LA LAFAYET,NCAA,,,
LA MONROE,NCAA,,,
LA TECH,NCAA,,,
LAFAYETTE,NCAA,,,
LAMAR,NCAA,,,
LANECOL,NCAA,,,
LEHIGH,NCAA,,,
LENOIR,NCAA,,,
LIBERTY,NCAA,,,
LIMEST,NCAA,,,
LINC BL TG,NCAA,,,
LINCOK,NCAA,,,
LINCOLN,NCAA,,,
LIUSHAR,NCAA,,,
LNDNWD,NCAA,,,
LOUCHR,NCAA,,,
LOUCOL,NCAA,,,
LOUISVILLE,NCAA,,,
LSU,NCAA,,,
LVLEOP,NCAA,,,
MAINE,NCAA,,,
MARIST,NCAA,,,
MARS HILL,NCAA,,,
MARSHALL,NCAA,,,
MARYLAND,NCAA,,,
MCNEESE,NCAA,,,
MEMPHIS,NCAA,,,
MERCER,NCAA,,,
MERCYHURST,NCAA,,,
MERRIMACK,NCAA,,,
MHMRTI,NCAA,,,
MIAMI FL,NCAA,,,
MIAMI OH,NCAA,,,
MICH STATE,NCAA,,,
MICHIGAN,NCAA,,,
MIDDLE TN,NCAA,,,
MILES,NCAA,,,
MINNESOTA,NCAA,,,
MISS COL,NCAA,,,
MISS STATE,NCAA,,,
MISSOURI,NCAA,,,
MITECH,NCAA,,,
MO STATE,NCAA,,,
MO WE ST,NCAA,,,
MONMOUTH,NCAA,,,
MONTANA,NCAA,,,
MONTANA ST,NCAA,,,
MOREHEAD,NCAA,,,
MORGAN ST,NCAA,,,
MS VLY ST,NCAA,,,
MURRAY ST,NCAA,,,
MWSTATE,NCAA,,,
N ALABAMA,NCAA,,,
N ARIZONA,NCAA,,,
N CAROLINA,NCAA,,,
N COLORADO,NCAA,,,
N DAK ST,NCAA,,,
N DAKOTA,NCAA,,,
N GREENVLE,NCAA,,,
N ILLINOIS,NCAA,,,
N IOWA,NCAA,,,
N MEX HIGH,NCAA,,,
N TEXAS,NCAA,,,
NAUSTA,NCAA,,,
NAVY,NCAA,,,
NC A&T,NCAA,,,
NC CENT,NCAA,,,
NC STATE,NCAA,,,
NEBRASKA,NCAA,,,
NEVADA,NCAA,,,
NEW HAMP,NCAA,,,
NEW MEX ST,NCAA,,,
NEW MEXICO,NCAA,,,
NEWBER,NCAA,,,
NEWHVN,NCAA,,,
NICHOLLS,NCAA,,,
NMiU,NCAA,,,
NORFOLK,NCAA,,,
NORTHEA ST,NCAA,,,
NOTRE DAME,NCAA,,,
NWESTERN,NCAA,,,
NWREDR,NCAA,,,
NWSTATE,NCAA,,,
OHIO,NCAA,,,
OHIO STATE,NCAA,,,
OKLA STATE,NCAA,,,
OKLAHOMA,NCAA,,,
OLE MISS,NCAA,,,
OREGON,NCAA,,,
OREGON ST,NCAA,,,
PACENY,NCAA,,,
PENN,NCAA,,,
PENN STATE,NCAA,,,
PITT GOR,NCAA,,,
PITTSBURGH,NCAA,,,
POINTVILLE,NCAA,,,
PORTLAND,NCAA,,,
PRESBYTERN,NCAA,,,
PRINCETON,NCAA,,,
PRVIEW A&M,NCAA,,,
PSTEAG,NCAA,,,
PURDUE,NCAA,,,
RHODE ISLD,NCAA,,,
RICE,NCAA,,,
RICHMOND,NCAA,,,
RNHEAG,NCAA,,,
ROB MORRIS,NCAA,,,
ROSEHU,NCAA,,,
RU,NCAA,,,
RUTGERS,NCAA,,,
S ALABAMA,NCAA,,,
S CAROLINA,NCAA,,,
S DAK ST,NCAA,,,
S DAKOTA,NCAA,,,
S DIEGO ST,NCAA,,,
S ILLINOIS,NCAA,,,
S JOSE ST,NCAA,,,
SACR HEART,NCAA,,,
SACRAMENTO,NCAA,,,
SAMFORD,NCAA,,,
SAN DIEGO,NCAA,,,
SCAR STATE,NCAA,,,
SE LA,NCAA,,,
SE MO ST,NCAA,,,
SHAWBE,NCAA,,,
SHORTER,NCAA,,,
SHPHRD,NCAA,,,
SIMONFRA,NCAA,,,
SM HOUSTON,NCAA,,,
SMU,NCAA,,,
SO MISS,NCAA,,,
SO UTAH,NCAA,,,
SOCTOW,NCAA,,,
SOUTHERN U,NCAA,,,
SRSU,NCAA,,,
ST ANSELM,NCAA,,,
ST AUGSTNE,NCAA,,,
ST FRANCIS,NCAA,,,
STANFORD,NCAA,,,
STANKN,NCAA,,,
STETSON,NCAA,,,
STF AUSTIN,NCAA,,,
STHLSK,NCAA,,,
STJOHN,NCAA,,,
STNY BROOK,NCAA,,,
STOLAF,NCAA,,,
STTHOM,NCAA,,,
STTMFL,NCAA,,,
SVANNAH ST,NCAA,,,
SVSU,NCAA,,,
SW BAPTIST,NCAA,,,
SWMINN,NCAA,,,
SYRACUSE,NCAA,,,
TARLETON,NCAA,,,
TAYLOR,NCAA,,,
TCU,NCAA,,,
TEMPLE,NCAA,,,
TENN MARTN,NCAA,,,
TENN STATE,NCAA,,,
TENN TECH,NCAA,,,
TENNESSEE,NCAA,,,
TEXAS,NCAA,,,
TEXAS A&M,NCAA,,,
TEXAS ST,NCAA,,,
TEXAS STHN,NCAA,,,
TEXAS TECH,NCAA,,,
THMORE,NCAA,,,
TOLEDO,NCAA,,,
TOWSON,NCAA,,,
TROY,NCAA,,,
TRSU,NCAA,,,
TULANE,NCAA,,,
TULSA,NCAA,,,
TUSCUL,NCAA,,,
TUSKEGEE,NCAA,,,
TXAMCO,NCAA,,,
TXPERB,NCAA,,,
TXRG,NCAA,,,
TXWSLY,NCAA,,,
UAB,NCAA,,,
UC DAVIS,NCAA,,,
UCF,NCAA,,,
UCLA,NCAA,,,
UCONN,NCAA,,,
UFTLEA,NCAA,,,
UMASS,NCAA,,,
UNCPEM,NCAA,,,
UNLV,NCAA,,,
USC,NCAA,,,
USF,NCAA,,,
UTAH,NCAA,,,
UTAH ST,NCAA,,,
UTAHTC,NCAA,,,
UTEP,NCAA,,,
UTSA,NCAA,,,
UVAWIS,NCAA,,,
VA LYNCHBU,NCAA,,,
VA MILT IN,NCAA,,,
VA TECH,NCAA,,,
VALPO,NCAA,,,
VANDERBILT,NCAA,,,
VILLANOVA,NCAA,,,
VIRGINIA,NCAA,,,
VIRSTA,NCAA,,,
VIRUNI,NCAA,,,
W CAROLINA,NCAA,,,
W GEORGIA,NCAA,,,
W ILLINOIS,NCAA,,,
W KENTUCKY,NCAA,,,
W MICHIGAN,NCAA,,,
W OREGON,NCAA,,,
W VIRGINIA,NCAA,,,
WABASH,NCAA,,,
WAGNER,NCAA,,,
WAKE,NCAA,,,
WARNER,NCAA,,,
WASH STATE,NCAA,,,
WASHINGTON,NCAA,,,
WCST,NCAA,,,
WCU,NCAA,,,
WE COLO ST,NCAA,,,
WE TEX AM,NCAA,,,
WEBER ST,NCAA,,,
WESTFL,NCAA,,,
WHEATN,NCAA,,,
WINGAT,NCAA,,,
WISCONSIN,NCAA,,,
WISCSP,NCAA,,,
WISSTT,NCAA,,,
WISWHT,NCAA,,,
WJWLL,NCAA,,,
WLU,NCAA,,,
WM & MARY,NCAA,,,
WOFFORD,NCAA,,,
WSRAMS,NCAA,,,
WV WESLEY,NCAA,,,
WYOMING,NCAA,,,
YALE,NCAA,,,
YNGTOWN ST,NCAA,,,
