week,player,player_id,position,team_name,player_game_count,accuracy_percent,aimed_passes,attempts,avg_depth_of_target,avg_time_to_throw,bats,big_time_throws,btt_rate,completion_percent,completions,declined_penalties,def_gen_pressures,drop_rate,dropbacks,drops,first_downs,franchise_id,grades_hands_fumble,grades_offense,grades_pass,grades_run,hit_as_threw,interceptions,passing_snaps,penalties,pressure_to_sack_rate,qb_rating,sack_percent,sacks,scrambles,spikes,thrown_aways,touchdowns,turnover_worthy_plays,twp_rate,yards,ypa
1,Josh Allen,46601,QB,BUF,1,81.4,43,46,9.8,2.94,2,4,7.8,71.7,33,0,14,5.7,53,2,20,4,82.7,87.0,82.2,76.8,0,0,59,0,7.1,112.0,1.9,1,5,1,0,2,1,1.7,394,8.6
1,Drake Maye,143969,QB,NE,1,72.1,43,46,8.1,2.98,1,1,2.1,65.2,30,0,21,3.2,53,1,15,19,80.9,69.3,73.4,46.3,1,1,54,1,19.0,80.6,7.5,4,3,0,1,1,1,1.9,287,6.2
1,Spencer Rattler,97408,QB,NO,1,68.3,41,46,7.4,2.38,0,2,4.0,58.7,27,0,14,3.6,49,1,13,20,81.2,77.3,73.7,72.0,0,0,53,0,7.1,70.4,2.0,1,2,2,3,0,2,3.8,214,4.7
1,Joe Flacco,4332,QB,CLV,1,85.4,41,45,5.6,2.78,1,0,0.0,68.9,31,0,18,11.4,48,4,13,8,80.9,73.1,73.2,62.7,1,2,53,1,11.1,75.2,4.2,2,1,0,2,1,0,0.0,290,6.4
1,Michael Penix Jr.,82134,QB,ATL,1,74.4,39,42,7.0,2.65,2,0,0.0,64.3,27,0,17,6.9,47,2,19,2,80.7,68.9,67.0,65.1,0,0,51,0,5.9,93.2,2.1,1,4,0,1,1,0,0.0,298,7.1
1,Bo Nix,97790,QB,DEN,1,72.2,36,40,6.6,2.85,0,0,0.0,62.5,25,0,12,3.8,43,1,9,10,35.2,40.5,38.2,67.3,1,2,48,2,8.3,60.0,2.3,1,2,0,3,1,4,8.3,176,4.4
1,Jared Goff,10635,QB,DET,1,86.1,36,39,4.2,2.95,0,0,0.0,79.5,31,0,16,0.0,43,0,13,11,27.3,45.5,45.7,60.0,0,1,44,0,25.0,88.6,9.3,4,0,0,3,1,3,6.8,225,5.8
1,Patrick Mahomes,11765,QB,KC,1,74.3,35,39,7.5,2.64,3,3,7.5,61.5,24,0,15,7.7,47,2,14,16,80.3,79.0,69.1,87.6,0,0,49,0,13.3,89.5,4.3,2,6,1,0,1,1,2.0,258,6.6
1,Russell Wilson,7077,QB,NYG,1,66.7,27,37,6.7,2.72,2,1,2.3,45.9,17,0,17,5.6,45,1,10,21,33.4,54.1,54.5,56.6,1,0,51,0,11.8,59.3,4.4,2,6,0,7,0,1,2.0,168,4.5
1,Caleb Williams,144622,QB,CHI,1,68.8,32,35,7.8,3.39,2,2,5.3,60.0,21,0,20,4.5,44,1,14,6,80.2,77.1,67.9,86.1,0,0,47,1,10.0,86.6,4.5,2,6,0,1,1,0,0.0,210,6.0
1,Bryce Young,123943,QB,CAR,1,70.0,30,35,8.8,2.8,1,1,2.6,51.4,18,0,12,14.3,40,3,10,5,29.1,71.1,71.8,56.2,2,2,43,0,8.3,49.0,2.5,1,4,0,2,1,2,4.7,154,4.4
1,Brock Purdy,77672,QB,SF,1,78.8,33,35,7.5,2.97,0,3,7.9,74.3,26,1,17,0.0,39,0,15,28,79.7,69.4,68.2,61.8,0,2,42,1,5.9,92.2,2.6,1,3,0,2,2,2,4.8,277,7.9
1,Geno Smith,7820,QB,LV,1,78.8,33,34,11.0,2.67,0,2,5.9,70.6,24,0,15,7.7,40,2,18,23,79.3,83.8,80.1,68.3,0,1,40,0,26.7,102.8,10.0,4,1,1,0,1,2,5.0,362,10.6
1,Dak Prescott,10769,QB,DAL,1,78.1,32,34,10.9,2.9,1,4,10.3,61.8,21,0,13,16.0,35,4,9,9,79.0,90.0,86.1,65.6,0,0,40,0,0.0,76.6,0.0,0,1,1,0,0,1,2.5,188,5.5
1,Justin Herbert,28237,QB,LAC,1,79.4,34,34,10.3,2.94,0,1,2.9,73.5,25,0,15,7.4,41,2,16,27,80.1,84.0,81.6,73.9,0,0,43,1,20.0,131.7,7.3,3,4,0,0,3,0,0.0,318,9.4
1,Baker Mayfield,46518,QB,TB,1,58.6,29,32,10.4,3.04,0,2,6.1,53.1,17,0,15,0.0,37,0,13,30,79.0,57.0,52.9,70.3,1,0,38,0,6.7,99.3,2.7,1,4,0,2,3,4,10.5,167,5.2
1,Trevor Lawrence,77632,QB,JAX,1,78.6,28,31,7.8,2.61,1,0,0.0,61.3,19,0,4,13.6,33,3,11,15,78.6,63.0,59.0,70.6,0,1,34,1,0.0,74.4,0.0,0,2,1,1,1,2,5.9,178,5.7
1,Aaron Rodgers,2241,QB,PIT,1,82.1,28,30,5.0,2.29,0,0,0.0,73.3,22,0,9,4.3,34,1,14,25,78.7,54.5,56.2,60.0,1,0,36,1,44.4,136.7,11.8,4,0,0,1,4,1,2.8,244,8.1
1,Jayden Daniels,97993,QB,WAS,1,75.9,29,30,9.3,2.77,0,1,3.0,63.3,19,0,10,13.6,37,3,14,32,80.5,83.9,78.8,75.6,0,0,41,1,30.0,98.3,8.1,3,4,0,1,1,2,4.9,233,7.8
1,Daniel Jones,39395,QB,IND,1,75.9,29,29,7.0,2.8,0,1,3.3,75.9,22,0,8,0.0,33,0,14,14,79.0,72.8,66.5,75.2,0,0,34,0,12.5,115.9,3.0,1,3,0,0,1,1,2.9,272,9.4
1,Matthew Stafford,4924,QB,LA,1,88.9,27,29,8.7,2.33,0,5,16.1,72.4,21,0,13,12.5,32,3,13,26,28.4,92.9,93.8,44.4,1,0,34,0,23.1,109.1,9.4,3,0,0,1,1,0,0.0,245,8.4
1,Kyler Murray,38334,QB,ARZ,1,75.0,28,29,5.6,3.19,1,1,3.1,72.4,21,0,11,0.0,38,0,14,1,79.9,65.5,64.5,67.3,0,0,42,1,45.5,108.8,13.2,5,4,0,0,2,0,0.0,163,5.6
1,Cam Ward,133244,QB,TEN,1,60.0,25,28,11.5,2.82,0,0,0.0,42.9,12,0,18,20.0,34,3,5,31,78.3,57.4,54.2,65.6,0,0,36,1,33.3,54.5,17.6,6,0,0,3,0,0,0.0,112,4.0
1,C.J. Stroud,129759,QB,HST,1,76.9,26,27,6.7,2.78,1,0,0.0,70.4,19,0,14,5.0,34,1,9,13,79.0,73.1,65.4,80.5,0,1,38,1,21.4,74.3,8.8,3,4,0,0,0,1,2.6,188,7.0
1,Joe Burrow,28022,QB,CIN,1,72.7,22,23,8.3,2.87,0,0,0.0,60.9,14,0,12,12.5,29,2,7,7,77.4,75.6,78.7,48.1,1,0,30,1,25.0,87.8,10.3,3,2,0,0,1,0,0.0,113,4.9
1,Tua Tagovailoa,60326,QB,MIA,1,65.2,23,23,7.0,2.66,0,3,12.5,60.9,14,0,6,6.7,27,1,6,17,25.5,52.5,53.2,58.3,0,2,28,0,50.0,51.7,11.1,3,1,0,0,1,4,14.3,114,5.0
1,Jalen Hurts,40291,QB,PHI,1,100.0,20,23,4.5,3.67,0,1,4.3,82.6,19,0,14,5.0,34,1,11,24,79.2,88.6,70.7,90.7,0,0,34,1,7.1,94.2,2.9,1,9,0,3,0,0,0.0,152,6.6
1,Sam Darnold,29048,QB,SEA,1,77.3,22,23,8.9,2.38,0,1,4.0,69.6,16,0,10,5.9,26,1,7,29,77.1,82.6,82.6,58.4,0,0,28,1,10.0,87.2,3.8,1,1,1,0,0,0,0.0,150,6.5
1,Jordan Love,40306,QB,GB,1,77.3,22,22,10.8,2.87,0,4,17.4,72.7,16,0,6,5.9,23,1,8,12,76.7,76.3,75.9,60.6,0,0,24,0,0.0,128.6,0.0,0,1,0,0,2,2,8.3,188,8.5
1,Justin Fields,82118,QB,NYJ,1,88.9,18,22,9.2,3.38,2,1,4.3,72.7,16,0,9,0.0,25,0,9,22,79.1,82.2,90.4,59.0,1,0,26,1,11.1,119.1,4.0,1,2,0,1,1,1,3.8,218,9.9
1,J.J. McCarthy,144918,QB,MIN,1,83.3,18,20,7.8,2.8,1,1,3.8,65.0,13,0,6,13.3,25,2,6,18,77.8,63.3,61.0,71.9,1,1,31,2,50.0,98.5,12.0,3,1,0,0,2,1,3.2,143,7.2
1,Lamar Jackson,46416,QB,BLT,1,83.3,18,19,9.6,3.02,1,1,5.3,73.7,14,0,8,6.7,22,1,9,3,77.4,79.2,65.6,88.2,0,0,23,0,25.0,144.4,9.1,2,1,0,0,2,0,0.0,209,11.0
1,Zach Wilson,82096,QB,MIA,1,71.4,7,8,6.9,2.39,1,0,0.0,62.5,5,0,2,0.0,9,0,3,17,70.9,47.7,49.7,58.3,0,0,9,0,0.0,70.8,0.0,0,1,0,0,0,0,0.0,32,4.0
week,player,player_id,position,team_name,player_game_count,accuracy_percent,aimed_passes,attempts,avg_depth_of_target,avg_time_to_throw,bats,big_time_throws,btt_rate,completion_percent,completions,declined_penalties,def_gen_pressures,drop_rate,dropbacks,drops,first_downs,franchise_id,grades_hands_fumble,grades_offense,grades_pass,grades_run,hit_as_threw,interceptions,passing_snaps,penalties,pressure_to_sack_rate,qb_rating,sack_percent,sacks,scrambles,spikes,thrown_aways,touchdowns,turnover_worthy_plays,twp_rate,yards,ypa
2,Bryce Young,123943,QB,CAR,1,74.0,50,55,7.7,2.58,1,2,3.3,63.6,35,0,24,5.4,59,2,19,5,24.1,56.4,57.9,57.9,3,1,65,2,12.5,90.6,5.1,3,1,0,1,3,3,4.6,328,6.0
2,Dak Prescott,10769,QB,DAL,1,84.0,50,52,7.4,2.64,1,5,8.8,73.1,38,0,21,9.5,57,4,19,9,40.7,81.4,81.5,52.6,1,1,62,1,14.3,96.7,5.3,3,2,0,0,2,2,3.2,361,6.9
2,Joe Flacco,4332,QB,CLV,1,73.7,38,45,6.9,2.75,0,0,0.0,55.6,25,0,17,10.7,48,3,8,8,30.0,41.1,41.8,63.3,1,1,49,1,11.8,65.0,4.2,2,1,0,6,1,3,6.1,199,4.4
2,Geno Smith,7820,QB,LV,1,61.0,41,43,7.9,3.2,2,0,0.0,55.8,24,0,17,4.0,48,1,8,23,81.2,40.0,34.4,75.9,0,3,53,0,17.6,37.0,6.3,3,2,0,0,0,3,5.7,180,4.2
2,Trevor Lawrence,77632,QB,JAX,1,72.5,40,42,8.4,2.67,0,0,0.0,57.1,24,0,10,17.2,44,5,15,15,29.8,58.1,60.4,47.6,1,2,45,1,10.0,80.6,2.3,1,1,0,1,3,1,2.2,271,6.5
2,Jayden Daniels,97993,QB,WAS,1,68.4,38,42,7.5,2.9,2,1,2.2,57.1,24,0,25,7.7,52,2,10,32,81.3,56.1,57.7,53.5,0,0,56,0,16.0,85.4,7.7,4,6,1,1,2,0,0.0,200,4.8
2,Russell Wilson,7077,QB,NYG,1,84.6,39,41,13.6,2.57,0,6,14.3,73.2,30,0,10,9.1,45,3,16,21,27.9,88.2,85.6,67.2,0,1,46,1,30.0,123.0,6.7,3,1,0,2,3,2,4.3,450,11.0
2,Mac Jones,60323,QB,SF,1,75.0,36,39,7.0,2.78,1,0,0.0,66.7,26,0,8,3.7,43,1,15,28,31.2,58.6,60.6,56.5,0,0,45,1,37.5,113.1,7.0,3,1,1,1,3,1,2.2,279,7.2
2,Baker Mayfield,46518,QB,TB,1,77.1,35,38,8.3,2.61,0,3,6.8,65.8,25,0,22,7.4,45,2,15,30,32.0,73.8,67.0,84.4,1,0,52,0,18.2,98.0,8.9,4,3,0,2,2,2,3.8,215,5.7
2,Spencer Rattler,97408,QB,NO,1,79.4,34,34,7.4,2.76,0,2,5.4,73.5,25,0,16,7.4,40,2,14,20,29.3,75.5,72.3,69.6,0,0,44,0,18.8,118.1,7.5,3,3,0,0,3,1,2.3,207,6.1
2,Daniel Jones,39395,QB,IND,1,72.7,33,34,10.1,2.79,0,2,5.6,67.6,23,0,19,4.2,38,1,17,14,79.9,79.6,81.4,56.6,0,0,40,0,5.3,107.0,2.6,1,3,0,1,1,0,0.0,316,9.3
2,Aaron Rodgers,2241,QB,PIT,1,71.4,28,33,6.7,2.96,0,2,5.6,54.5,18,0,14,10.0,37,2,5,25,79.0,62.3,63.3,55.7,1,2,40,1,21.4,58.0,8.1,3,1,0,4,1,2,5.0,203,6.2
2,Matthew Stafford,4924,QB,LA,1,77.4,31,33,8.8,2.55,0,2,5.7,69.7,23,0,13,4.2,34,1,12,26,78.7,78.5,77.0,60.0,0,1,36,0,7.7,105.4,2.9,1,0,0,2,2,2,5.6,298,9.0
2,Sam Darnold,29048,QB,SEA,1,78.6,28,33,8.5,2.59,2,1,2.9,66.7,22,0,14,0.0,35,0,13,29,78.4,81.7,80.0,,0,2,36,0,14.3,89.8,5.7,2,0,0,3,2,1,2.8,295,8.9
2,Cam Ward,133244,QB,TEN,1,70.0,30,33,7.3,3.1,0,2,5.7,57.6,19,0,16,9.5,41,2,11,31,29.1,68.5,68.0,60.0,0,0,43,0,31.3,82.3,12.2,5,3,0,3,1,1,2.3,175,5.3
2,Tua Tagovailoa,60326,QB,MIA,1,83.9,31,32,8.2,2.57,0,1,2.7,81.3,26,0,12,0.0,39,0,15,17,79.6,60.2,61.5,,0,1,44,1,41.7,115.5,12.8,5,0,0,1,2,1,2.3,315,9.8
2,Jake Browning,46401,QB,CIN,1,67.7,31,32,9.0,2.34,0,2,6.1,65.6,21,0,10,0.0,33,0,11,7,78.6,57.1,56.5,61.0,0,3,34,0,10.0,69.9,3.0,1,0,0,1,2,3,8.8,241,7.5
2,Jordan Love,40306,QB,GB,1,76.9,26,31,15.0,3.1,0,2,5.9,61.3,19,0,16,5.0,34,1,15,12,79.0,86.7,84.0,66.1,0,0,37,0,12.5,113.9,5.9,2,1,0,5,2,0,0.0,292,9.4
2,Caleb Williams,144622,QB,CHI,1,75.0,28,30,9.5,3.14,1,2,6.1,63.3,19,0,10,9.5,36,2,11,6,79.7,67.2,64.0,69.1,1,1,40,0,40.0,91.9,11.1,4,2,0,0,2,2,5.0,207,6.9
2,Bo Nix,97790,QB,DEN,1,78.6,28,30,5.7,2.49,1,2,5.9,73.3,22,0,4,0.0,31,0,12,10,78.7,48.6,48.0,58.9,0,1,35,0,0.0,111.2,0.0,0,1,0,1,3,2,5.7,206,6.9
2,Lamar Jackson,46416,QB,BLT,1,70.4,27,29,11.0,2.85,1,1,3.1,65.5,19,0,14,0.0,33,0,10,3,78.7,64.6,62.0,67.6,0,0,36,0,21.4,128.6,9.1,3,1,0,1,4,1,2.8,225,7.8
2,Patrick Mahomes,11765,QB,KC,1,66.7,27,29,10.3,2.95,2,1,3.3,55.2,16,0,16,11.1,38,2,12,16,79.2,70.1,62.3,77.7,0,1,41,0,12.5,72.1,5.3,2,7,0,0,1,0,0.0,187,6.4
2,Jared Goff,10635,QB,DET,1,82.1,28,28,10.2,2.85,0,1,3.6,82.1,23,0,4,0.0,29,0,15,11,77.4,85.1,84.7,57.9,0,0,30,0,0.0,156.0,0.0,0,1,0,0,5,0,0.0,334,11.9
2,Justin Herbert,28237,QB,LAC,1,73.1,26,27,9.3,3.03,1,1,3.6,70.4,19,0,8,0.0,32,0,10,27,78.9,67.9,68.5,58.8,0,0,33,0,25.0,122.8,6.3,2,3,0,0,2,1,3.0,242,9.0
2,Josh Allen,46601,QB,BUF,1,72.7,22,25,5.6,3.04,1,0,0.0,56.0,14,0,7,12.5,30,2,11,4,78.4,74.7,69.8,72.4,0,0,33,2,14.3,73.4,3.3,1,4,0,2,0,0,0.0,148,5.9
2,Kyler Murray,38334,QB,ARZ,1,81.8,22,25,8.7,2.87,2,2,6.7,68.0,17,0,11,5.6,29,1,11,1,79.0,81.4,82.3,60.8,0,1,34,0,9.1,92.1,3.4,1,3,0,1,1,1,2.9,220,8.8
2,C.J. Stroud,129759,QB,HST,1,56.5,23,24,9.2,3.25,0,1,4.0,54.2,13,0,12,0.0,30,0,8,13,78.0,51.2,46.1,71.8,0,0,32,0,25.0,97.0,10.0,3,3,0,1,1,1,3.1,207,8.6
2,Drake Maye,143969,QB,NE,1,86.4,22,23,6.3,2.8,1,1,4.0,82.6,19,0,7,0.0,31,0,11,19,79.3,83.6,78.8,74.4,0,0,33,0,42.9,137.3,9.7,3,4,0,0,2,0,0.0,230,10.0
2,Jalen Hurts,40291,QB,PHI,1,71.4,21,22,7.3,2.64,0,0,0.0,68.2,15,0,10,0.0,27,0,5,24,26.4,61.9,48.5,80.3,0,0,28,0,20.0,78.0,7.4,2,1,0,1,0,1,3.6,101,4.6
2,Michael Penix Jr.,82134,QB,ATL,1,66.7,21,21,6.8,2.73,0,0,0.0,61.9,13,0,10,7.1,24,1,5,2,76.9,66.6,65.2,60.0,0,0,26,1,30.0,80.5,12.5,3,0,0,0,0,0,0.0,135,6.4
2,J.J. McCarthy,144918,QB,MIN,1,60.0,20,21,12.6,3.31,0,1,4.8,52.4,11,0,16,8.3,30,1,7,18,15.4,49.4,51.8,50.8,1,2,30,1,37.5,37.5,20.0,6,3,0,0,0,3,10.0,158,7.5
2,Joe Burrow,28022,QB,CIN,1,58.3,12,13,8.3,2.96,1,0,0.0,53.8,7,0,8,0.0,15,0,6,7,74.2,75.3,73.9,,0,0,17,0,25.0,97.0,13.3,2,0,0,0,1,0,0.0,76,5.8
2,Tyrod Taylor,6332,QB,NYJ,1,90.0,10,11,8.6,3.45,1,1,9.1,63.6,7,0,11,22.2,16,2,5,22,73.9,88.9,88.6,63.6,0,0,16,0,18.2,106.6,12.5,2,3,0,0,1,0,0.0,56,5.1
2,Justin Fields,82118,QB,NYJ,1,55.6,9,11,8.8,3.34,1,0,0.0,27.3,3,0,7,40.0,15,2,2,22,15.8,30.7,28.9,55.8,0,0,15,0,28.6,39.6,13.3,2,2,0,1,0,2,13.3,27,2.5
2,Tyson Bagent,169628,QB,CHI,1,66.7,3,3,12.0,3.33,0,0,0.0,66.7,2,0,0,0.0,4,0,1,6,66.9,59.2,61.7,58.3,0,0,4,0,,95.1,0.0,0,1,0,0,0,0,0.0,27,9.0
2,Dillon Gabriel,86272,QB,CLV,1,100.0,3,3,3.3,2.0,0,0,0.0,100.0,3,0,0,0.0,3,0,3,8,65.5,89.6,87.3,,0,0,3,0,,132.6,0.0,0,0,0,0,1,0,0.0,19,6.3
2,Mason Rudolph,46569,QB,PIT,1,100.0,2,2,-1.5,2.2,0,0,0.0,100.0,2,0,0,0.0,2,0,1,25,63.6,62.6,62.1,,0,0,2,0,,91.7,0.0,0,0,0,0,0,0,0.0,12,6.0
2,Mitch Trubisky,11757,QB,BUF,1,50.0,2,2,13.5,2.45,0,1,50.0,50.0,1,0,0,0.0,2,0,1,4,69.1,76.7,76.3,60.5,0,0,2,0,,95.8,0.0,0,0,0,0,0,0,0.0,32,16.0
week,player,player_id,position,team_name,player_game_count,accuracy_percent,aimed_passes,attempts,avg_depth_of_target,avg_time_to_throw,bats,big_time_throws,btt_rate,completion_percent,completions,declined_penalties,def_gen_pressures,drop_rate,dropbacks,drops,first_downs,franchise_id,grades_hands_fumble,grades_offense,grades_pass,grades_run,hit_as_threw,interceptions,passing_snaps,penalties,pressure_to_sack_rate,qb_rating,sack_percent,sacks,scrambles,spikes,thrown_aways,touchdowns,turnover_worthy_plays,twp_rate,yards,ypa
3,Justin Herbert,28237,QB,LAC,1,70.7,41,47,8.6,2.85,0,2,3.8,59.6,28,0,26,3.4,53,1,17,27,81.5,74.1,72.9,60.4,2,1,58,0,19.2,76.6,9.4,5,1,0,4,1,0,0.0,300,6.4
3,Mac Jones,60323,QB,SF,1,83.3,36,41,7.7,2.59,2,1,2.3,65.9,27,0,14,10.0,43,3,14,28,79.9,81.1,79.3,60.0,0,1,45,0,14.3,83.8,4.7,2,0,1,2,1,1,2.2,284,6.9
3,Trevor Lawrence,77632,QB,JAX,1,71.4,35,40,8.2,2.48,2,0,0.0,50.0,20,0,15,20.0,44,5,11,15,80.1,66.7,64.4,65.4,1,1,46,0,13.3,56.5,4.5,2,1,0,2,0,3,6.5,222,5.6
3,Dak Prescott,10769,QB,DAL,1,84.2,38,40,4.8,2.85,1,2,4.7,77.5,31,0,17,3.1,42,1,12,9,79.8,79.0,77.3,,0,2,45,0,11.8,80.3,4.8,2,0,0,1,1,1,2.2,251,6.3
3,Spencer Rattler,97408,QB,NO,1,76.3,38,39,8.6,2.6,1,0,0.0,71.8,28,0,16,3.4,43,1,13,20,79.9,40.5,42.3,50.2,0,1,46,0,12.5,83.1,4.7,2,2,0,0,1,5,10.9,218,5.6
3,Cam Ward,133244,QB,TEN,1,75.0,32,38,6.0,3.12,1,0,0.0,60.5,23,0,18,4.2,45,1,12,31,80.4,50.7,51.0,56.7,1,1,50,0,22.2,74.3,8.9,4,3,0,4,1,1,2.0,219,5.8
3,C.J. Stroud,129759,QB,HST,1,71.4,35,38,8.2,2.57,0,0,0.0,65.8,25,0,14,0.0,43,0,9,13,80.1,63.2,62.7,60.4,1,2,46,0,14.3,66.1,4.7,2,3,1,1,1,1,2.2,204,5.4
3,Patrick Mahomes,11765,QB,KC,1,66.7,33,37,9.8,2.65,1,1,2.4,59.5,22,0,15,0.0,42,0,13,16,23.0,55.0,53.5,63.5,0,0,47,0,13.3,85.9,4.8,2,2,0,3,1,4,8.5,224,6.1
3,Drake Maye,143969,QB,NE,1,82.9,35,37,6.2,2.86,0,0,0.0,75.7,28,0,15,3.4,47,1,17,19,28.6,56.4,53.2,66.8,1,1,50,0,33.3,102.1,10.6,5,5,0,1,2,3,6.0,268,7.2
3,Michael Penix Jr.,82134,QB,ATL,1,61.3,31,36,8.1,2.84,0,0,0.0,50.0,18,0,9,5.3,38,1,10,2,78.7,27.9,29.3,54.2,3,2,38,1,0.0,40.5,0.0,0,2,0,2,0,2,5.3,172,4.8
3,Joe Flacco,4332,QB,CLV,1,67.7,31,36,7.5,2.54,0,1,2.3,58.3,21,1,18,0.0,38,0,7,8,79.9,62.1,61.6,,1,1,46,1,11.1,55.6,5.3,2,0,1,3,0,0,0.0,142,3.9
3,Tyrod Taylor,6332,QB,NYJ,1,84.8,33,36,5.1,2.93,2,0,0.0,72.2,26,0,23,7.1,47,2,16,22,80.6,62.1,59.5,65.7,0,1,51,0,17.4,92.0,8.5,4,7,1,0,2,1,2.0,197,5.5
3,Kyler Murray,38334,QB,ARZ,1,78.1,32,35,5.8,3.13,2,1,2.8,62.9,22,0,14,12.0,40,3,10,1,79.6,80.4,75.4,75.0,0,0,41,2,7.1,82.9,2.5,1,4,0,1,1,1,2.4,159,4.5
3,Tua Tagovailoa,60326,QB,MIA,1,72.7,33,34,5.7,2.74,0,0,0.0,64.7,22,0,16,8.3,38,2,12,17,28.2,50.6,53.6,47.0,0,1,40,0,0.0,81.3,0.0,0,2,0,1,2,2,5.0,146,4.3
3,Matthew Stafford,4924,QB,LA,1,64.5,31,33,8.1,2.69,0,1,2.9,57.6,19,0,10,5.0,34,1,10,26,78.3,69.2,68.0,,0,1,35,0,10.0,82.4,2.9,1,0,0,2,2,1,2.9,196,5.9
3,Russell Wilson,7077,QB,NYG,1,69.2,26,32,8.8,2.89,1,1,2.8,56.3,18,1,20,0.0,37,0,8,21,79.6,47.0,49.2,50.1,2,2,41,2,10.0,43.8,5.4,2,3,0,3,0,3,7.3,160,5.0
3,Jalen Hurts,40291,QB,PHI,1,73.3,30,32,8.6,2.91,0,1,2.9,65.6,21,0,16,4.5,37,1,9,24,80.6,73.0,67.4,75.0,0,0,40,0,25.0,117.4,10.8,4,1,0,2,3,1,2.5,226,7.1
3,Geno Smith,7820,QB,LV,1,76.0,25,29,11.6,3.53,0,2,6.5,65.5,19,0,20,0.0,34,0,12,23,78.9,84.2,80.4,70.6,2,0,36,0,25.0,132.7,14.7,5,0,0,2,3,0,0.0,289,10.0
3,Baker Mayfield,46518,QB,TB,1,82.1,28,29,8.8,2.61,0,3,8.8,65.5,19,0,10,17.4,35,4,14,30,26.5,83.9,80.9,69.2,1,0,40,1,10.0,101.7,2.9,1,3,0,0,1,1,2.5,233,8.0
3,Josh Allen,46601,QB,BUF,1,88.9,27,28,3.9,2.72,0,0,0.0,78.6,22,0,9,8.3,32,2,12,4,78.3,75.7,74.8,61.6,0,0,34,0,22.2,134.1,6.3,2,2,0,1,3,0,0.0,213,7.6
3,Caleb Williams,144622,QB,CHI,1,70.4,27,28,9.2,3.1,1,2,6.9,67.9,19,0,8,0.0,29,0,11,6,78.5,76.8,72.4,72.4,0,0,31,0,0.0,142.6,0.0,0,1,0,0,4,0,0.0,298,10.6
3,Jared Goff,10635,QB,DET,1,76.9,26,28,8.1,2.72,0,2,6.9,71.4,20,0,13,0.0,30,0,11,11,77.9,71.0,72.1,53.9,0,0,31,0,0.0,103.6,0.0,0,1,0,2,1,0,0.0,202,7.2
3,Jake Browning,46401,QB,CIN,1,76.0,25,27,4.8,2.98,0,0,0.0,70.4,19,1,17,0.0,30,0,6,7,78.4,64.7,63.2,62.6,0,2,33,1,17.6,63.8,10.0,3,0,0,2,1,1,3.0,140,5.2
3,Lamar Jackson,46416,QB,BLT,1,77.8,27,27,10.3,3.42,0,1,3.3,77.8,21,0,16,0.0,37,0,15,3,29.6,58.4,57.0,62.6,0,0,40,0,43.8,148.1,18.9,7,3,0,0,3,2,5.0,288,10.7
3,Jordan Love,40306,QB,GB,1,76.0,25,25,1.7,2.57,0,1,3.6,72.0,18,0,14,5.3,31,1,8,12,78.9,59.0,62.6,47.4,0,1,35,0,35.7,89.3,16.1,5,1,0,0,1,1,2.9,183,7.3
3,Daniel Jones,39395,QB,IND,1,83.3,24,25,7.3,2.93,1,1,3.7,72.0,18,0,7,10.0,27,2,11,14,77.7,84.6,78.8,76.1,0,0,29,0,0.0,113.4,0.0,0,2,0,0,1,0,0.0,228,9.1
3,Bo Nix,97790,QB,DEN,1,68.2,22,25,10.4,3.07,1,1,3.6,56.0,14,0,13,6.7,33,1,5,10,79.1,57.9,63.8,45.6,0,0,36,0,15.4,87.6,6.1,2,5,0,2,1,0,0.0,153,6.1
3,Bryce Young,123943,QB,CAR,1,79.2,24,24,5.6,2.86,0,0,0.0,66.7,16,0,8,15.8,27,3,9,5,77.2,63.9,56.8,77.5,0,0,29,0,12.5,78.6,3.7,1,2,0,0,0,0,0.0,121,5.0
3,Aaron Rodgers,2241,QB,PIT,1,81.0,21,23,5.6,2.34,0,0,0.0,69.6,16,0,6,5.9,25,1,5,25,26.5,34.8,37.5,55.8,1,1,28,1,0.0,96.1,0.0,0,1,0,1,2,2,7.1,139,6.0
3,Marcus Mariota,9435,QB,WAS,1,84.2,19,21,8.7,2.28,0,2,9.1,71.4,15,0,7,6.3,23,1,8,32,26.7,86.5,90.3,58.0,0,0,26,1,14.3,118.6,4.3,1,1,1,1,1,0,0.0,207,9.9
3,Carson Wentz,10636,QB,MIN,1,70.0,20,20,9.0,2.55,0,0,0.0,70.0,14,0,10,0.0,26,0,9,18,76.6,61.4,63.9,51.1,0,0,26,0,30.0,129.8,11.5,3,2,0,0,2,1,3.8,173,8.7
3,Sam Darnold,29048,QB,SEA,1,93.3,15,18,11.6,2.71,1,3,16.7,77.8,14,0,6,0.0,18,0,10,29,74.5,92.7,91.9,,0,0,18,0,0.0,154.2,0.0,0,0,0,2,2,0,0.0,218,12.1
3,Kirk Cousins,7102,QB,ATL,1,100.0,7,7,1.9,2.69,0,0,0.0,71.4,5,0,2,28.6,7,2,1,2,69.6,72.6,71.5,,0,0,7,0,0.0,78.9,0.0,0,0,0,0,0,0,0.0,29,4.1
3,Joe Milton III,82151,QB,DAL,1,60.0,5,5,14.0,3.04,0,0,0.0,60.0,3,0,2,0.0,5,0,2,9,68.9,67.9,67.0,,0,1,6,0,0.0,46.7,0.0,0,0,0,0,0,0,0.0,41,8.2
3,Max Brosmer,105568,QB,MIN,1,100.0,4,4,1.5,1.85,0,0,0.0,50.0,2,0,0,50.0,4,2,1,18,66.9,72.5,71.4,,0,0,4,0,,74.0,0.0,0,0,0,0,0,0,0.0,29,7.3
3,Drew Lock,39517,QB,SEA,1,66.7,3,3,1.3,2.67,0,0,0.0,66.7,2,0,1,0.0,3,0,1,29,67.4,46.1,43.5,60.0,0,0,3,0,0.0,78.5,0.0,0,0,0,0,0,1,33.3,15,5.0
3,Tyler Shough,83537,QB,NO,1,0.0,2,2,13.0,2.15,0,0,0.0,0.0,0,0,1,,2,0,0,20,63.6,40.0,41.6,,0,0,2,0,0.0,39.6,0.0,0,0,0,0,0,0,0.0,0,0.0
3,Derrick Henry,10679,HB,BLT,1,0.0,1,1,14.0,3.2,0,0,0.0,0.0,0,0,1,,1,0,0,3,22.7,43.6,48.9,47.2,0,0,1,0,0.0,39.6,0.0,0,0,0,0,0,0,0.0,0,0.0
week,player,player_id,position,team_name,player_game_count,accuracy_percent,aimed_passes,attempts,avg_depth_of_target,avg_time_to_throw,bats,big_time_throws,btt_rate,completion_percent,completions,declined_penalties,def_gen_pressures,drop_rate,dropbacks,drops,first_downs,franchise_id,grades_hands_fumble,grades_offense,grades_pass,grades_run,hit_as_threw,interceptions,passing_snaps,penalties,pressure_to_sack_rate,qb_rating,sack_percent,sacks,scrambles,spikes,thrown_aways,touchdowns,turnover_worthy_plays,twp_rate,yards,ypa
4,Carson Wentz,10636,QB,MIN,1,80.0,40,46,8.3,2.66,1,0,0.0,65.2,30,0,21,6.3,54,2,16,18,36.3,56.4,56.9,62.9,1,2,58,2,28.6,84.5,11.1,6,2,1,3,2,3,5.2,350,7.6
4,Jordan Love,40306,QB,GB,1,91.7,36,43,5.9,2.73,0,2,4.3,72.1,31,0,19,6.1,47,2,17,12,80.6,78.6,77.4,61.5,0,0,51,1,5.3,118.1,2.1,1,2,0,7,3,1,2.0,337,7.8
4,Bo Nix,97790,QB,DEN,1,82.5,40,42,6.2,2.71,1,2,4.8,69.0,29,0,10,12.1,45,4,18,10,80.5,79.1,78.4,61.3,0,1,45,0,0.0,97.9,0.0,0,2,0,1,2,1,2.2,326,7.8
4,Kyler Murray,38334,QB,ARZ,1,76.3,38,41,6.1,2.56,2,0,0.0,65.9,27,0,17,6.9,52,2,14,1,81.2,52.5,54.5,51.6,0,2,55,0,35.3,73.2,11.5,6,4,0,1,2,1,1.8,200,4.9
4,Matthew Stafford,4924,QB,LA,1,76.9,39,41,8.0,2.61,0,4,8.9,70.7,29,0,20,3.3,45,1,15,26,80.8,82.8,82.7,55.0,1,0,49,0,15.0,123.5,6.7,3,1,1,0,3,2,4.1,375,9.1
4,Justin Herbert,28237,QB,LAC,1,71.1,38,41,6.5,2.54,0,1,2.2,56.1,23,0,20,14.8,44,4,9,27,80.3,65.1,61.0,74.6,0,2,48,1,10.0,57.3,4.5,2,1,0,3,1,1,2.1,203,5.0
4,Baker Mayfield,46518,QB,TB,1,60.5,38,40,8.7,2.75,1,3,7.0,55.0,22,0,19,4.3,44,1,8,30,29.6,60.4,59.2,62.9,0,1,47,0,10.5,84.3,4.5,2,2,1,0,2,2,4.3,289,7.2
4,Dak Prescott,10769,QB,DAL,1,82.1,39,40,8.6,2.69,0,1,2.4,77.5,31,0,15,3.1,41,1,17,9,79.5,84.6,82.5,61.4,0,0,42,1,6.7,124.9,2.4,1,0,0,1,3,1,2.4,319,8.0
4,Brock Purdy,77672,QB,SF,1,76.5,34,38,7.8,2.82,0,0,0.0,57.9,22,0,16,15.4,41,4,18,28,29.3,61.7,59.7,65.5,2,2,44,0,6.3,79.8,2.4,1,1,0,2,2,1,2.3,309,8.1
4,Patrick Mahomes,11765,QB,KC,1,81.8,33,37,7.1,2.7,1,2,5.1,67.6,25,0,8,7.4,42,2,15,16,79.8,71.6,75.2,52.8,0,0,44,1,12.5,124.8,2.4,1,3,0,3,4,0,0.0,270,7.3
4,Caleb Williams,144622,QB,CHI,1,72.7,33,37,7.6,3.34,3,2,5.0,59.5,22,0,13,8.3,41,2,11,6,30.1,62.2,69.4,38.0,0,1,44,0,7.7,73.3,2.4,1,3,0,1,1,2,4.5,212,5.7
4,Joe Flacco,4332,QB,CLV,1,64.5,31,34,10.6,2.79,1,4,11.4,47.1,16,0,17,20.0,37,4,8,8,21.8,62.7,65.4,54.6,0,2,39,1,17.6,39.3,8.1,3,0,0,2,0,3,7.7,184,5.4
4,Daniel Jones,39395,QB,IND,1,78.1,32,33,9.8,2.67,0,0,0.0,72.7,24,0,16,4.0,35,1,11,14,79.1,60.1,59.6,60.0,0,2,40,0,12.5,80.6,5.7,2,0,0,1,1,3,7.5,262,7.9
4,Trevor Lawrence,77632,QB,JAX,1,72.4,29,31,6.8,2.38,1,0,0.0,67.7,21,0,5,0.0,33,0,8,15,79.7,60.9,62.6,58.5,0,0,36,1,0.0,92.7,0.0,0,1,1,0,1,1,2.8,174,5.6
4,Bryce Young,123943,QB,CAR,1,75.0,24,30,5.5,2.8,1,1,3.0,60.0,18,0,11,0.0,32,0,8,5,78.3,53.7,51.9,62.6,1,0,35,0,9.1,84.0,3.1,1,1,0,4,1,1,2.9,150,5.0
4,C.J. Stroud,129759,QB,HST,1,81.5,27,28,6.4,2.56,0,2,6.7,78.6,22,0,12,0.0,32,0,10,13,78.7,72.8,71.8,61.9,1,0,35,0,16.7,125.1,6.3,2,2,0,0,2,0,0.0,233,8.3
4,Jared Goff,10635,QB,DET,1,86.4,22,27,11.4,2.47,0,2,6.9,59.3,16,0,12,15.8,27,3,8,11,77.4,66.8,65.7,,2,1,30,0,0.0,86.7,0.0,0,0,0,3,2,2,6.7,168,6.2
4,Marcus Mariota,9435,QB,WAS,1,69.6,23,27,12.0,2.73,0,3,9.1,59.3,16,0,10,0.0,31,0,9,32,78.8,90.4,89.2,63.3,1,1,37,1,20.0,84.8,6.5,2,1,1,2,2,1,2.7,156,5.8
4,Spencer Rattler,97408,QB,NO,1,78.3,23,27,6.3,2.61,0,0,0.0,66.7,18,0,14,0.0,34,0,10,20,28.1,69.5,57.0,87.7,1,0,34,1,21.4,89.4,8.8,3,3,0,3,1,1,2.9,126,4.7
4,Justin Fields,82118,QB,NYJ,1,77.8,27,27,7.7,3.65,0,1,3.2,74.1,20,0,20,4.8,35,1,15,22,28.8,63.3,50.3,84.6,0,0,40,1,10.0,111.0,5.7,2,6,0,0,1,2,5.0,226,8.4
4,Sam Darnold,29048,QB,SEA,1,79.2,24,26,9.8,2.58,0,1,3.7,69.2,18,0,10,5.3,31,1,12,29,32.2,73.6,69.8,65.6,0,0,33,0,30.0,111.4,9.7,3,1,0,2,1,0,0.0,242,9.3
4,Michael Penix Jr.,82134,QB,ATL,1,80.8,26,26,10.6,2.7,0,2,7.4,76.9,20,0,7,4.8,28,1,15,2,78.0,84.4,81.8,65.7,0,1,29,1,14.3,126.0,3.6,1,1,0,0,2,1,3.4,313,12.0
4,Cam Ward,133244,QB,TEN,1,47.6,21,26,8.4,3.1,2,1,3.3,38.5,10,0,16,0.0,31,0,6,31,78.3,41.5,40.5,62.5,0,1,35,0,12.5,35.4,6.5,2,2,1,2,0,1,2.9,108,4.2
4,Tua Tagovailoa,60326,QB,MIA,1,70.8,24,25,5.5,2.62,1,1,3.7,68.0,17,0,10,0.0,28,0,12,17,26.6,59.6,69.3,29.6,0,0,30,0,0.0,114.9,0.0,0,2,0,0,2,1,3.3,177,7.1
4,Jake Browning,46401,QB,CIN,1,71.4,21,25,8.2,2.75,1,1,3.4,56.0,14,0,10,6.7,29,1,3,7,78.4,57.8,60.0,51.6,0,0,33,1,30.0,69.6,10.3,3,1,0,3,0,0,0.0,125,5.0
4,Jalen Hurts,40291,QB,PHI,1,72.7,22,24,7.3,2.84,2,1,4.2,62.5,15,0,16,6.3,32,1,13,24,36.9,58.3,64.5,48.0,0,0,32,0,12.5,104.5,6.3,2,5,0,0,2,1,3.1,130,5.4
4,Aaron Rodgers,2241,QB,PIT,1,86.4,22,22,3.3,2.17,0,1,4.5,81.8,18,0,7,5.3,25,1,7,25,25.4,60.6,67.1,43.0,0,0,25,1,28.6,119.7,8.0,2,1,0,0,1,1,4.0,200,9.1
4,Josh Allen,46601,QB,BUF,1,76.2,21,22,10.1,2.96,0,0,0.0,72.7,16,0,8,0.0,28,0,12,4,78.2,66.1,58.4,76.3,1,1,29,0,37.5,113.6,10.7,3,3,0,0,2,1,3.4,209,9.5
4,Geno Smith,7820,QB,LV,1,75.0,20,21,5.2,2.74,0,0,0.0,66.7,14,0,6,6.7,23,1,7,23,76.5,29.7,27.1,69.7,0,3,23,0,0.0,73.0,0.0,0,2,1,0,2,3,13.0,117,5.6
4,Lamar Jackson,46416,QB,BLT,1,82.4,17,20,6.5,3.24,1,0,0.0,70.0,14,0,14,0.0,27,0,9,3,26.4,45.8,42.3,73.3,0,1,28,3,21.4,86.9,11.1,3,4,0,2,1,3,10.7,147,7.4
4,Jaxson Dart,146409,QB,NYG,1,73.7,19,20,7.2,2.98,0,0,0.0,65.0,13,0,10,7.1,28,1,7,21,29.1,48.9,45.1,63.2,0,0,32,1,50.0,96.0,17.9,5,3,0,1,1,0,0.0,111,5.6
4,Drake Maye,143969,QB,NE,1,87.5,16,17,8.0,3.12,0,1,5.9,82.4,14,0,7,0.0,21,0,9,19,75.6,76.5,74.9,65.4,0,0,22,0,14.3,155.6,4.8,1,3,0,1,2,0,0.0,203,11.9
4,Cooper Rush,12324,QB,BLT,1,83.3,12,13,3.1,2.56,0,0,0.0,69.2,9,0,4,10.0,13,1,3,3,72.8,55.5,55.5,,0,0,13,0,0.0,76.4,0.0,0,0,0,1,0,1,7.7,52,4.0
4,Andy Dalton,6187,QB,CAR,1,83.3,6,6,7.8,2.35,0,0,0.0,83.3,5,0,1,0.0,6,0,4,5,68.9,69.1,68.0,,0,0,6,0,0.0,146.5,0.0,0,0,0,0,1,0,0.0,58,9.7
4,Chris Olave,84355,WR,NO,1,0.0,1,1,4.0,2.4,0,0,0.0,0.0,0,0,0,,1,0,0,20,67.0,54.3,53.5,,0,1,1,0,,0.0,0.0,0,0,0,0,0,1,100.0,0,0.0
4,Russell Wilson,7077,QB,NYG,1,100.0,1,1,-4.0,2.3,0,0,0.0,100.0,1,0,1,0.0,2,0,0,21,13.6,43.2,45.2,,0,0,2,0,100.0,100.0,50.0,1,0,0,0,0,1,50.0,8,8.0
4,Joshua Dobbs,11890,QB,NE,1,0.0,1,1,13.0,3.1,0,0,0.0,0.0,0,0,0,,1,0,0,19,68.2,48.1,47.3,60.5,0,0,1,0,,39.6,0.0,0,0,0,0,0,0,0.0,0,0.0
4,Dillon Gabriel,86272,QB,CLV,1,0.0,1,1,12.0,2.8,0,0,0.0,0.0,0,0,1,,1,0,0,8,60.4,54.7,55.1,,0,0,1,0,0.0,39.6,0.0,0,0,0,0,0,0,0.0,0,0.0
week,player,player_id,position,team_name,player_game_count,accuracy_percent,aimed_passes,attempts,avg_depth_of_target,avg_time_to_throw,bats,big_time_throws,btt_rate,completion_percent,completions,declined_penalties,def_gen_pressures,drop_rate,dropbacks,drops,first_downs,franchise_id,grades_hands_fumble,grades_offense,grades_pass,grades_run,hit_as_threw,interceptions,passing_snaps,penalties,pressure_to_sack_rate,qb_rating,sack_percent,sacks,scrambles,spikes,thrown_aways,touchdowns,turnover_worthy_plays,twp_rate,yards,ypa
5,Mac Jones,60323,QB,SF,1,77.3,44,49,6.8,2.33,2,1,1.9,67.3,33,0,14,2.9,50,1,19,28,81.4,66.5,65.0,63.9,2,0,53,0,7.1,100.9,2.0,1,0,1,0,2,1,1.9,342,7.0
5,Matthew Stafford,4924,QB,LA,1,71.1,45,47,11.6,2.59,1,2,4.0,63.8,30,0,14,6.3,48,2,18,26,80.5,80.6,79.2,60.0,0,0,51,0,7.1,111.0,2.1,1,0,1,0,3,0,0.0,389,8.3
5,Justin Fields,82118,QB,NYJ,1,85.0,40,46,6.8,2.88,2,1,1.9,69.6,32,0,25,5.9,54,2,15,22,82.4,77.7,76.8,62.7,2,0,61,0,20.0,100.2,9.3,5,3,1,1,2,0,0.0,283,6.2
5,Patrick Mahomes,11765,QB,KC,1,72.5,40,41,9.9,3.15,0,1,2.4,70.7,29,0,13,0.0,46,0,18,16,80.1,69.1,63.8,80.1,0,1,46,2,0.0,91.3,0.0,0,5,0,1,1,1,2.2,318,7.8
5,Jaxson Dart,146409,QB,NYG,1,73.7,38,40,9.0,3.03,1,2,4.8,65.0,26,0,16,7.1,46,2,13,21,28.4,60.5,55.2,73.1,0,2,49,1,6.3,73.1,2.2,1,5,1,0,2,4,8.2,202,5.1
5,Jake Browning,46401,QB,CIN,1,66.7,39,40,9.1,3.01,1,2,4.8,65.0,26,0,18,0.0,45,0,14,7,32.0,38.8,38.1,67.2,0,3,49,1,11.1,76.1,4.4,2,3,0,0,3,5,10.2,251,6.3
5,Cam Ward,133244,QB,TEN,1,63.9,36,39,11.1,2.92,0,3,7.5,53.8,21,0,8,8.7,42,2,12,31,80.4,68.0,67.7,58.4,1,1,44,0,25.0,64.6,4.8,2,1,0,2,0,0,0.0,265,6.8
5,Bo Nix,97790,QB,DEN,1,76.5,34,39,9.8,2.72,0,1,2.4,61.5,24,0,12,7.7,43,2,12,10,80.1,70.7,68.8,71.2,3,0,46,2,16.7,87.8,4.7,2,2,0,2,1,0,0.0,242,6.2
5,Jalen Hurts,40291,QB,PHI,1,69.7,33,38,12.5,3.29,3,4,9.3,60.5,23,0,16,0.0,45,0,11,24,80.6,80.5,79.7,57.8,2,0,50,0,37.5,100.8,13.3,6,1,0,0,2,0,0.0,280,7.4
5,Geno Smith,7820,QB,LV,1,71.4,35,36,8.2,2.45,1,1,2.7,69.4,25,0,13,0.0,41,0,13,23,79.9,56.0,53.5,67.3,0,2,43,0,30.8,63.2,9.8,4,1,0,0,0,2,4.7,228,6.3
5,Tua Tagovailoa,60326,QB,MIA,1,85.3,34,36,9.0,2.45,0,4,10.5,75.0,27,0,10,6.9,40,2,13,17,79.3,90.5,90.4,55.7,0,0,42,0,30.0,122.0,7.5,3,1,0,2,3,0,0.0,256,7.1
5,Carson Wentz,10636,QB,MIN,1,75.8,33,34,6.6,2.5,0,2,5.3,73.5,25,0,11,0.0,40,0,13,18,79.6,67.1,70.7,45.5,0,0,44,0,27.3,102.1,7.5,3,3,0,1,1,0,0.0,236,6.9
5,Sam Darnold,29048,QB,SEA,1,90.6,32,34,9.2,2.68,1,2,5.3,82.4,28,0,13,3.4,34,1,18,29,78.9,79.3,79.5,56.3,0,1,39,0,0.0,135.4,0.0,0,0,0,1,4,1,2.6,341,10.0
5,Baker Mayfield,46518,QB,TB,1,93.8,32,33,7.5,2.87,0,3,8.3,87.9,29,0,8,3.3,39,1,18,30,79.5,92.2,92.8,54.6,0,0,42,0,12.5,134.7,2.6,1,4,0,1,2,0,0.0,379,11.5
5,Dillon Gabriel,86272,QB,CLV,1,71.4,28,33,6.5,2.44,1,1,3.0,57.6,19,0,14,5.0,36,1,9,8,78.7,63.0,63.5,55.2,1,0,36,0,14.3,94.3,5.6,2,1,1,2,2,1,2.8,190,5.8
5,Kyler Murray,38334,QB,ARZ,1,82.1,28,31,6.3,2.93,0,0,0.0,74.2,23,0,14,0.0,36,0,10,1,79.1,64.4,58.5,75.2,1,0,39,1,21.4,93.5,8.3,3,2,0,2,0,0,0.0,220,7.1
5,Josh Allen,46601,QB,BUF,1,80.0,30,31,8.8,3.33,0,1,2.9,71.0,22,0,18,8.3,40,2,18,4,79.8,77.5,74.6,69.0,0,1,44,0,5.6,103.3,2.5,1,7,0,1,2,1,2.3,253,8.2
5,Spencer Rattler,97408,QB,NO,1,82.8,29,31,7.2,2.46,1,1,2.9,67.7,21,0,12,12.5,31,3,9,20,79.4,72.6,70.2,68.2,0,0,34,1,0.0,99.5,0.0,0,0,0,1,1,0,0.0,225,7.3
5,Drake Maye,143969,QB,NE,1,88.9,27,30,7.9,3.17,1,2,6.1,73.3,22,0,15,8.3,36,2,14,19,79.3,79.7,80.2,57.1,0,0,40,0,26.7,101.1,11.1,4,2,0,2,0,0,0.0,273,9.1
5,Bryce Young,123943,QB,CAR,1,76.0,25,30,9.5,2.49,0,5,14.3,63.3,19,0,14,0.0,35,0,12,5,26.8,68.8,71.0,55.6,0,1,40,1,21.4,90.7,8.6,3,1,1,4,2,2,5.0,198,6.6
5,Dak Prescott,10769,QB,DAL,1,73.1,26,29,8.4,2.92,1,1,3.4,62.1,18,0,6,5.3,33,1,13,9,78.9,70.9,63.9,77.4,1,0,33,0,16.7,127.4,3.0,1,3,0,1,4,0,0.0,237,8.2
5,Justin Herbert,28237,QB,LAC,1,85.7,28,29,4.7,2.5,0,0,0.0,75.9,22,0,11,8.3,35,2,10,27,79.2,84.1,78.9,75.9,1,1,37,0,36.4,86.3,11.4,4,1,0,0,1,1,2.7,166,5.7
5,Daniel Jones,39395,QB,IND,1,84.6,26,29,9.1,2.38,2,0,0.0,69.0,20,0,8,9.1,29,2,11,14,78.7,74.2,72.8,61.7,0,0,35,0,0.0,113.0,0.0,0,0,0,1,2,1,2.9,212,7.3
5,C.J. Stroud,129759,QB,HST,1,88.9,27,27,7.5,2.43,0,1,3.4,85.2,23,0,6,4.2,30,1,14,13,77.9,78.9,73.7,69.0,0,0,33,0,33.3,143.9,6.7,2,1,0,0,4,0,0.0,244,9.0
5,Jayden Daniels,97993,QB,WAS,1,73.9,23,26,10.5,2.98,0,2,7.1,57.7,15,0,10,11.8,32,2,10,32,78.9,85.9,82.1,73.5,0,0,35,1,10.0,100.0,3.1,1,5,1,2,1,0,0.0,231,8.9
5,Trevor Lawrence,77632,QB,JAX,1,76.0,25,25,8.4,3.39,0,1,3.4,72.0,18,0,19,5.3,35,1,13,15,29.1,75.0,73.3,70.6,0,1,39,2,15.8,95.6,8.6,3,7,0,0,1,0,0.0,221,8.8
5,Jared Goff,10635,QB,DET,1,90.9,22,23,5.0,2.43,1,0,0.0,82.6,19,0,9,5.0,27,1,14,11,77.1,68.2,67.4,60.0,0,0,27,0,44.4,153.0,14.8,4,0,0,0,3,0,0.0,258,11.2
5,Cooper Rush,12324,QB,BLT,1,78.9,19,20,7.9,2.47,0,1,4.8,70.0,14,0,6,6.7,21,1,7,3,75.9,67.7,66.7,,1,3,23,0,16.7,58.1,4.8,1,0,0,0,0,1,4.3,179,9.0
5,Davis Mills,52269,QB,HST,1,100.0,3,4,13.7,2.7,0,0,0.0,50.0,2,0,1,33.3,5,1,2,13,70.2,79.6,83.4,57.9,1,0,5,0,0.0,67.7,0.0,0,1,0,0,0,0,0.0,23,5.8
5,Trey Lance,91399,QB,LAC,1,100.0,3,4,5.3,2.48,0,0,0.0,75.0,3,0,1,0.0,6,0,2,27,68.9,48.6,51.4,57.9,0,0,6,0,100.0,110.4,16.7,1,1,1,0,0,0,0.0,44,11.0
5,Anthony Richardson,124393,QB,IND,1,50.0,2,2,18.5,2.0,0,0,0.0,50.0,1,0,0,0.0,2,0,1,14,63.6,66.9,65.9,,0,0,2,0,,62.5,0.0,0,0,0,0,0,0,0.0,9,4.5
5,Jacoby Brissett,10725,QB,ARZ,1,100.0,1,1,9.0,3.9,0,0,0.0,0.0,0,0,0,100.0,1,1,0,1,60.4,74.0,72.2,,0,0,1,0,,39.6,0.0,0,0,0,0,0,0,0.0,0,0.0
5,Cam Akers,57206,HB,MIN,1,100.0,1,1,15.0,2.3,0,0,0.0,100.0,1,0,0,0.0,1,0,1,18,60.4,72.1,70.7,,0,0,1,0,,158.3,0.0,0,0,0,0,1,0,0.0,32,32.0
5,David Montgomery,45719,HB,DET,1,100.0,1,1,9.0,1.5,0,0,0.0,100.0,1,0,0,0.0,1,0,1,11,76.9,65.4,72.2,58.3,0,0,1,0,,118.8,0.0,0,0,0,0,1,0,0.0,3,3.0
5,Tyler Warren,129798,TE,IND,1,,0,1,,4.3,0,0,0.0,0.0,0,0,1,,1,0,0,14,68.8,74.6,60.0,,0,0,1,1,0.0,39.6,0.0,0,0,0,1,0,0,0.0,0,0.0
5,Taysom Hill,12112,TE,NO,1,100.0,1,1,19.0,2.3,0,0,0.0,100.0,1,0,0,0.0,1,0,1,20,71.2,57.6,71.9,51.5,0,0,1,0,,118.8,0.0,0,0,0,0,0,0,0.0,19,19.0
week,player,player_id,position,team_name,player_game_count,accuracy_percent,aimed_passes,attempts,avg_depth_of_target,avg_time_to_throw,bats,big_time_throws,btt_rate,completion_percent,completions,declined_penalties,def_gen_pressures,drop_rate,dropbacks,drops,first_downs,franchise_id,grades_hands_fumble,grades_offense,grades_pass,grades_run,hit_as_threw,interceptions,passing_snaps,penalties,pressure_to_sack_rate,qb_rating,sack_percent,sacks,scrambles,spikes,thrown_aways,touchdowns,turnover_worthy_plays,twp_rate,yards,ypa
6,Dillon Gabriel,86272,QB,CLV,1,70.8,48,52,6.5,2.51,1,1,1.7,55.8,29,0,25,14.7,58,5,10,8,81.9,51.1,52.5,,2,0,65,1,24.0,66.3,10.3,6,0,0,1,0,4,6.2,221,4.3
6,Joe Flacco,4332,QB,CIN,1,82.1,39,45,5.9,2.35,0,1,2.1,64.4,29,0,12,9.4,46,3,12,7,80.3,77.4,75.9,,1,0,49,0,8.3,90.9,2.2,1,0,2,3,2,0,0.0,219,4.9
6,Jacoby Brissett,10725,QB,ARZ,1,77.8,36,44,10.6,3.21,0,1,2.1,61.4,27,0,22,3.6,47,1,18,1,80.7,73.1,67.7,79.1,3,1,50,0,9.1,89.2,4.3,2,1,0,5,2,0,0.0,320,7.3
6,Trevor Lawrence,77632,QB,JAX,1,69.0,42,42,7.5,3.07,0,2,4.5,64.3,27,0,26,6.9,51,2,13,15,81.2,69.2,71.4,55.6,0,0,54,1,26.9,97.1,13.7,7,1,0,0,2,1,1.9,258,6.1
6,Mac Jones,60323,QB,SF,1,75.7,37,39,9.2,2.7,0,2,5.0,69.2,27,0,17,3.6,47,1,10,28,80.6,69.2,70.9,52.8,0,2,48,1,35.3,75.5,12.8,6,2,0,2,0,2,4.2,347,8.9
6,Cam Ward,133244,QB,TEN,1,77.1,35,38,7.1,2.74,0,0,0.0,68.4,26,0,16,3.7,44,1,11,31,21.2,54.0,55.6,,0,1,46,1,37.5,81.3,13.6,6,0,1,2,1,2,4.3,222,5.8
6,Justin Herbert,28237,QB,LAC,1,78.4,37,38,6.2,2.73,0,0,0.0,76.3,29,0,12,0.0,39,0,12,27,79.1,66.0,63.6,62.6,1,0,39,0,8.3,112.2,2.6,1,0,0,0,2,1,2.6,264,6.9
6,Dak Prescott,10769,QB,DAL,1,83.9,31,34,6.5,2.9,2,1,2.8,73.5,25,0,6,3.8,34,1,12,9,78.7,81.1,80.1,59.5,0,0,36,1,0.0,124.8,0.0,0,0,0,1,3,0,0.0,261,7.7
6,Jalen Hurts,40291,QB,PHI,1,75.0,32,33,9.4,3.21,0,0,0.0,72.7,24,0,11,0.0,38,0,14,24,79.9,58.2,58.4,57.9,0,1,39,0,27.3,95.9,7.9,3,2,0,1,1,1,2.6,283,8.6
6,Michael Penix Jr.,82134,QB,ATL,1,71.4,28,32,7.5,2.71,1,1,2.9,62.5,20,0,13,0.0,35,0,10,2,79.0,51.5,51.5,57.8,1,0,38,0,15.4,97.1,5.7,2,1,0,2,1,2,5.3,250,7.8
6,Tua Tagovailoa,60326,QB,MIA,1,82.1,28,32,6.8,2.51,0,1,2.9,65.6,21,0,12,8.7,36,2,10,17,78.9,54.4,54.9,58.3,1,3,39,0,16.7,54.8,5.6,2,1,0,3,1,3,7.7,205,6.4
6,Daniel Jones,39395,QB,IND,1,80.0,30,30,7.3,2.83,0,1,3.3,73.3,22,0,11,8.3,33,2,15,14,78.6,65.5,58.6,79.0,0,1,33,1,9.1,101.0,3.0,1,2,0,0,2,2,6.1,212,7.1
6,Aaron Rodgers,2241,QB,PIT,1,75.9,29,30,7.7,2.65,0,3,10.0,70.0,21,0,7,4.5,31,1,11,25,77.6,82.9,82.5,58.3,0,0,31,0,0.0,115.3,0.0,0,1,0,1,2,0,0.0,235,7.8
6,Patrick Mahomes,11765,QB,KC,1,85.7,28,30,5.1,2.92,0,0,0.0,73.3,22,0,10,8.3,38,2,18,16,29.6,72.8,70.6,66.4,0,0,40,0,30.0,132.2,7.9,3,5,0,2,3,1,2.5,257,8.6
6,Bo Nix,97790,QB,DEN,1,84.0,25,30,5.7,2.64,2,0,0.0,63.3,19,0,7,9.5,33,2,9,10,79.1,81.3,78.6,68.4,0,0,36,0,14.3,90.1,3.0,1,2,0,3,1,0,0.0,174,5.8
6,Jared Goff,10635,QB,DET,1,92.3,26,29,4.1,2.59,1,0,0.0,79.3,23,0,7,4.2,31,1,14,11,77.7,80.6,76.5,63.3,1,0,31,1,14.3,118.8,3.2,1,1,0,1,2,0,0.0,203,7.0
6,Caleb Williams,144622,QB,CHI,1,62.1,29,29,8.5,2.82,0,1,2.9,58.6,17,0,14,5.6,33,1,11,6,79.2,46.0,42.3,70.4,0,0,38,0,21.4,98.6,9.1,3,1,0,0,1,2,5.3,252,8.7
6,Sam Darnold,29048,QB,SEA,1,73.9,23,27,13.9,2.71,0,5,18.5,59.3,16,0,9,5.9,29,1,11,29,78.0,94.6,93.5,67.7,1,0,29,0,11.1,121.7,3.4,1,1,0,3,2,0,0.0,295,10.9
6,Drake Maye,143969,QB,NE,1,83.3,24,26,11.3,3.37,0,3,10.0,69.2,18,0,15,10.0,31,2,14,19,28.6,91.0,92.0,62.6,0,0,35,1,6.7,140.1,3.2,1,4,0,2,3,1,2.9,261,10.0
6,Josh Allen,46601,QB,BUF,1,57.7,26,26,11.8,3.16,0,3,10.3,57.7,15,0,17,0.0,35,0,10,4,78.6,68.3,66.7,63.7,0,2,38,0,23.5,72.6,11.4,4,5,0,0,2,0,0.0,180,6.9
6,Jayden Daniels,97993,QB,WAS,1,91.3,23,26,8.2,3.06,1,2,6.5,73.1,19,0,9,9.5,35,2,13,32,22.3,64.6,69.8,49.3,0,1,40,1,33.3,119.2,8.6,3,6,0,2,3,2,5.0,211,8.1
6,Spencer Rattler,97408,QB,NO,1,80.8,26,26,8.2,2.89,0,4,13.3,76.9,20,0,14,4.8,30,1,8,20,78.7,93.2,91.7,73.8,0,0,35,0,14.3,102.6,6.7,2,2,0,0,0,0,0.0,227,8.7
6,Matthew Stafford,4924,QB,LA,1,69.2,26,26,9.2,2.79,0,1,3.7,65.4,17,0,8,5.6,29,1,10,26,26.6,68.2,69.9,52.2,0,0,30,0,25.0,98.4,6.9,2,1,0,0,1,2,6.7,181,7.0
6,Jordan Love,40306,QB,GB,1,73.1,26,26,9.2,2.94,0,2,7.4,73.1,19,0,9,0.0,34,0,13,12,78.7,73.0,73.0,60.9,0,1,35,0,11.1,101.3,2.9,1,5,0,0,1,1,2.9,259,10.0
6,Jaxson Dart,146409,QB,NYG,1,75.0,24,25,9.7,3.02,1,1,3.7,68.0,17,0,13,5.6,32,1,11,21,79.8,89.7,81.8,82.3,0,0,34,0,15.4,104.6,6.3,2,5,0,0,1,0,0.0,195,7.8
6,Bryce Young,123943,QB,CAR,1,90.0,20,25,7.0,3.01,0,1,3.7,68.0,17,0,14,5.6,27,1,11,5,77.7,82.1,78.2,69.4,1,1,29,0,7.1,114.8,3.7,1,1,0,4,3,0,0.0,199,8.0
6,Baker Mayfield,46518,QB,TB,1,73.9,23,23,10.0,2.84,0,1,4.2,73.9,17,0,6,0.0,25,0,10,30,76.9,76.9,65.5,90.5,0,0,26,0,16.7,139.0,4.0,1,1,0,0,2,0,0.0,256,11.1
6,Geno Smith,7820,QB,LV,1,77.3,22,23,2.6,2.66,0,0,0.0,73.9,17,0,7,0.0,25,0,9,23,78.2,68.2,68.1,58.1,1,1,29,2,28.6,91.6,8.0,2,0,0,0,1,1,3.4,174,7.6
6,Cooper Rush,12324,QB,BLT,1,61.1,18,19,7.4,2.68,0,0,0.0,57.9,11,0,8,0.0,19,0,3,3,75.4,53.1,55.3,52.1,1,1,21,0,0.0,44.2,0.0,0,0,0,0,0,1,4.8,72,3.8
6,Justin Fields,82118,QB,NYJ,1,66.7,15,17,5.5,3.0,1,0,0.0,52.9,9,0,17,10.0,29,1,2,22,78.0,51.2,49.0,59.0,0,0,29,0,52.9,58.7,31.0,9,3,0,1,0,0,0.0,45,2.6
6,Tyler Huntley,46448,QB,BLT,1,76.9,13,15,4.7,2.97,0,0,0.0,66.7,10,0,12,0.0,21,0,4,3,75.7,66.2,55.3,80.4,0,0,21,0,33.3,76.5,19.0,4,2,1,1,0,0,0.0,68,4.5
6,Russell Wilson,7077,QB,NYG,1,0.0,1,1,9.0,1.8,0,0,0.0,0.0,0,0,0,,1,0,0,21,60.4,53.0,53.6,,0,0,1,0,,39.6,0.0,0,0,0,0,0,0,0.0,0,0.0
6,Jaylen Waddle,84088,WR,MIA,1,100.0,1,1,-4.0,3.2,0,0,0.0,100.0,1,0,0,0.0,1,0,0,17,69.5,76.3,60.3,,0,0,1,0,,100.0,0.0,0,0,0,0,0,0,0.0,8,8.0
week,player,player_id,position,team_name,player_game_count,accuracy_percent,aimed_passes,attempts,avg_depth_of_target,avg_time_to_throw,bats,big_time_throws,btt_rate,completion_percent,completions,declined_penalties,def_gen_pressures,drop_rate,dropbacks,drops,first_downs,franchise_id,grades_hands_fumble,grades_offense,grades_pass,grades_run,hit_as_threw,interceptions,passing_snaps,penalties,pressure_to_sack_rate,qb_rating,sack_percent,sacks,scrambles,spikes,thrown_aways,touchdowns,turnover_worthy_plays,twp_rate,yards,ypa
7,Justin Herbert,28237,QB,LAC,1,80.0,50,55,9.0,3.13,1,3,5.3,67.3,37,0,27,7.5,61,3,20,27,82.3,81.6,79.1,73.7,3,2,63,1,11.1,93.0,4.9,3,3,0,1,3,1,1.6,420,7.6
7,Baker Mayfield,46518,QB,TB,1,59.6,47,50,10.0,3.09,2,2,3.8,56.0,28,0,28,0.0,54,0,11,30,35.6,46.7,47.3,,1,1,57,0,14.3,66.1,7.4,4,0,0,0,1,2,3.5,228,4.6
7,Bo Nix,97790,QB,DEN,1,72.7,44,50,9.4,2.41,5,4,7.4,54.0,27,0,15,15.6,56,5,16,10,42.4,68.1,66.7,63.5,0,0,61,0,13.3,83.7,3.6,2,1,1,0,2,0,0.0,279,5.6
7,C.J. Stroud,129759,QB,HST,1,52.2,46,49,9.3,3.0,0,3,5.6,46.9,23,0,21,4.2,54,1,13,13,29.7,41.2,40.4,66.1,0,1,61,0,14.3,59.0,5.6,3,2,0,3,1,6,9.8,229,4.7
7,Trevor Lawrence,77632,QB,JAX,1,65.1,43,48,12.4,2.96,3,3,6.0,47.9,23,0,27,17.9,57,5,14,15,81.4,68.7,68.1,59.0,0,0,59,0,25.9,74.7,12.3,7,2,0,2,1,1,1.7,296,6.2
7,Joe Flacco,4332,QB,CIN,1,75.0,44,47,7.4,2.27,0,2,4.0,66.0,31,0,17,6.1,49,2,16,7,81.5,84.2,81.1,69.7,1,0,52,0,11.8,108.6,4.1,2,0,0,2,3,0,0.0,342,7.3
7,Carson Wentz,10636,QB,MIN,1,70.0,40,42,11.1,2.83,0,1,2.3,61.9,26,0,19,7.1,47,2,15,18,32.0,45.9,40.0,86.0,0,2,49,1,10.5,64.9,4.3,2,2,0,2,0,2,4.1,313,7.5
7,Michael Penix Jr.,82134,QB,ATL,1,71.0,31,38,9.9,2.87,0,2,4.8,55.3,21,0,15,4.5,43,1,13,2,80.0,59.3,61.7,54.7,3,0,48,2,13.3,83.3,4.7,2,2,0,4,1,3,6.3,241,6.3
7,Jacoby Brissett,10725,QB,ARZ,1,78.8,33,36,8.5,2.99,0,3,7.5,69.4,25,0,19,3.8,46,1,14,1,34.6,70.3,70.5,58.5,1,0,51,0,31.6,110.8,13.0,6,4,0,2,2,1,2.0,279,7.8
7,Patrick Mahomes,11765,QB,KC,1,81.8,33,35,6.3,2.4,1,0,0.0,74.3,26,0,8,3.7,40,1,17,16,79.6,67.4,62.2,75.6,0,0,44,0,12.5,126.6,2.5,1,4,0,1,3,2,4.5,286,8.2
7,Aaron Rodgers,2241,QB,PIT,1,72.7,33,34,9.7,2.87,0,3,8.3,67.6,23,0,7,4.2,35,1,12,25,78.6,76.8,76.3,58.3,0,2,37,0,0.0,103.7,0.0,0,1,0,1,4,1,2.7,249,7.3
7,Daniel Jones,39395,QB,IND,1,75.0,32,34,10.8,2.79,0,1,2.9,67.6,23,0,13,4.2,37,1,14,14,79.4,66.1,67.9,51.6,0,0,38,0,7.7,113.4,2.7,1,2,1,1,2,0,0.0,288,8.5
7,Cam Ward,133244,QB,TEN,1,78.1,32,34,5.9,2.85,0,2,5.7,73.5,25,0,11,0.0,39,0,14,31,26.3,60.8,60.2,,0,1,40,0,45.5,92.2,12.8,5,0,0,2,1,2,5.0,255,7.5
7,Jaxson Dart,146409,QB,NYG,1,60.7,28,33,12.3,2.89,2,3,7.7,45.5,15,0,13,11.8,37,2,12,21,80.5,49.1,51.9,63.7,2,1,44,3,30.8,93.4,10.8,4,0,0,1,3,2,4.5,283,8.6
7,Matthew Stafford,4924,QB,LA,1,69.7,33,33,11.5,2.67,0,4,10.0,63.6,21,0,13,8.7,34,2,14,26,79.5,80.7,81.9,55.8,0,0,42,1,0.0,117.7,0.0,0,1,0,0,5,0,0.0,182,5.5
7,Spencer Rattler,97408,QB,NO,1,67.7,31,32,11.9,2.79,0,2,5.9,62.5,20,0,14,4.8,37,1,9,20,28.6,54.3,48.6,79.7,0,3,39,0,28.6,66.3,10.8,4,1,0,1,2,6,15.4,233,7.3
7,Sam Darnold,29048,QB,SEA,1,65.4,26,31,11.5,2.66,2,5,14.7,54.8,17,0,13,0.0,35,0,9,29,26.4,61.4,61.5,57.5,0,1,38,0,15.4,73.7,5.7,2,1,0,3,1,2,5.3,213,6.9
7,Dak Prescott,10769,QB,DAL,1,75.0,28,30,7.1,2.61,2,3,9.4,70.0,21,0,14,0.0,33,0,12,9,28.9,75.9,80.3,49.5,0,0,38,0,7.1,130.4,3.0,1,2,0,0,3,0,0.0,264,8.8
7,Jordan Love,40306,QB,GB,1,76.9,26,29,7.5,2.92,1,0,0.0,65.5,19,0,10,5.0,33,1,11,12,22.5,53.5,58.4,42.6,1,0,36,0,10.0,93.9,3.0,1,3,0,1,1,2,5.6,179,6.2
7,Jared Goff,10635,QB,DET,1,74.1,27,29,6.0,2.6,1,0,0.0,69.0,20,0,14,0.0,34,0,9,11,28.1,37.4,36.0,62.6,0,1,37,0,28.6,91.3,11.8,4,1,0,1,1,2,5.4,241,8.3
7,Caleb Williams,144622,QB,CHI,1,65.2,23,26,9.2,3.53,2,0,0.0,57.7,15,0,10,0.0,27,0,10,6,31.3,62.4,63.8,52.6,0,1,28,0,10.0,61.7,3.7,1,0,0,1,0,2,7.1,172,6.6
7,Mac Jones,60323,QB,SF,1,83.3,24,26,5.0,2.72,0,0,0.0,65.4,17,0,9,15.0,28,3,10,28,78.0,75.9,71.8,70.6,0,1,28,0,11.1,64.9,3.6,1,1,0,2,0,0,0.0,152,5.8
7,Bryce Young,123943,QB,CAR,1,80.0,20,25,6.0,3.13,1,0,0.0,60.0,15,0,12,6.3,28,1,8,5,29.5,58.4,61.1,50.3,1,0,29,0,8.3,88.4,3.6,1,2,0,3,1,0,0.0,138,5.5
7,Tua Tagovailoa,60326,QB,MIA,1,66.7,21,23,7.8,2.28,1,0,0.0,52.2,12,0,7,14.3,28,2,5,17,20.6,28.6,33.1,37.4,0,3,29,0,28.6,24.1,7.1,2,1,0,1,0,2,6.9,100,4.3
7,Jalen Hurts,40291,QB,PHI,1,87.0,23,23,12.4,3.44,0,4,17.4,82.6,19,0,10,5.0,26,1,9,24,77.7,95.2,94.9,61.0,0,0,26,0,30.0,158.3,11.5,3,0,0,0,3,0,0.0,326,14.2
7,Drake Maye,143969,QB,NE,1,95.5,22,23,8.1,3.08,0,3,13.0,91.3,21,0,10,0.0,35,0,15,19,78.3,87.0,83.8,72.1,1,0,35,0,40.0,135.9,11.4,4,8,0,0,2,0,0.0,222,9.7
7,Tyrod Taylor,6332,QB,NYJ,1,66.7,18,22,16.8,3.48,2,1,4.3,45.5,10,0,9,16.7,28,2,6,22,77.2,46.8,50.4,49.1,0,2,29,0,33.3,25.9,10.7,3,3,0,2,0,3,10.3,126,5.7
7,Jayden Daniels,97993,QB,WAS,1,75.0,20,22,8.6,3.28,1,2,8.7,54.5,12,0,12,20.0,28,3,8,32,27.4,67.4,63.5,68.1,0,0,29,0,16.7,92.2,7.1,2,4,0,1,1,1,3.4,156,7.1
7,Dillon Gabriel,86272,QB,CLV,1,77.8,18,18,4.7,3.03,0,0,0.0,72.2,13,0,6,7.1,23,1,6,8,76.9,47.6,48.6,52.8,0,0,26,1,33.3,89.1,8.7,2,3,0,0,0,1,3.8,116,6.4
7,Geno Smith,7820,QB,LV,1,78.6,14,16,3.4,2.57,0,0,0.0,62.5,10,0,4,9.1,18,1,2,23,24.1,56.1,67.2,34.1,1,0,21,0,25.0,71.6,5.6,1,1,0,1,0,0,0.0,67,4.2
7,Justin Fields,82118,QB,NYJ,1,60.0,10,12,7.7,2.52,1,0,0.0,50.0,6,0,6,0.0,17,0,2,22,75.4,38.9,38.5,55.1,0,0,17,0,50.0,59.7,17.6,3,1,0,1,0,0,0.0,46,3.8
7,Marcus Mariota,9435,QB,WAS,1,44.4,9,10,14.2,3.3,1,0,0.0,40.0,4,0,7,0.0,12,0,2,32,73.8,37.4,30.8,72.0,0,1,13,1,28.6,22.1,16.7,2,0,0,0,0,1,7.7,63,6.3
7,Quinn Ewers,127253,QB,MIA,1,62.5,8,8,9.3,2.11,0,0,0.0,62.5,5,0,4,0.0,10,0,2,17,18.9,23.5,28.7,60.0,0,0,10,1,50.0,81.8,20.0,2,0,0,0,0,1,10.0,53,6.6
7,Andy Dalton,6187,QB,CAR,1,66.7,6,7,16.2,2.26,0,0,0.0,57.1,4,0,2,0.0,8,0,2,5,71.8,76.1,75.1,60.0,0,0,8,0,50.0,85.4,12.5,1,0,0,1,0,0,0.0,60,8.6
7,Kenny Pickett,60515,QB,LV,1,100.0,2,2,0.5,2.8,0,0,0.0,100.0,2,0,0,0.0,2,0,0,23,14.0,29.0,62.0,47.6,0,0,2,0,,83.3,0.0,0,0,0,0,0,0,0.0,8,4.0
7,Cooper Kupp,11824,WR,SEA,1,0.0,1,1,7.0,3.6,0,0,0.0,0.0,0,0,1,,1,0,0,29,65.7,55.2,45.5,,0,1,1,0,0.0,0.0,0.0,0,0,0,0,0,1,100.0,0,0.0
7,Joshua Dobbs,11890,QB,NE,1,100.0,1,1,12.0,4.9,0,0,0.0,100.0,1,0,1,0.0,1,0,1,19,66.7,73.6,71.9,60.0,0,0,1,0,0.0,116.7,0.0,0,0,0,0,0,0,0.0,12,12.0
week,player,player_id,position,team_name,player_game_count,accuracy_percent,aimed_passes,attempts,avg_depth_of_target,avg_time_to_throw,bats,big_time_throws,btt_rate,completion_percent,completions,declined_penalties,def_gen_pressures,drop_rate,dropbacks,drops,first_downs,franchise_id,grades_hands_fumble,grades_offense,grades_pass,grades_run,hit_as_threw,interceptions,passing_snaps,penalties,pressure_to_sack_rate,qb_rating,sack_percent,sacks,scrambles,spikes,thrown_aways,touchdowns,turnover_worthy_plays,twp_rate,yards,ypa
8,C.J. Stroud,129759,QB,HST,1,81.1,37,39,8.1,2.75,1,1,2.4,76.9,30,0,10,0.0,42,0,18,13,80.5,79.8,76.0,71.8,0,1,45,0,0.0,106.6,0.0,0,3,0,1,2,1,2.2,318,8.2
8,Cam Ward,133244,QB,TEN,1,66.7,36,38,9.6,3.14,1,2,4.9,57.9,22,0,14,8.3,43,2,13,31,80.2,64.9,65.8,54.1,0,1,47,0,28.6,76.5,9.3,4,1,1,0,1,1,2.1,259,6.8
8,Caleb Williams,144622,QB,CHI,1,76.5,34,38,8.9,3.06,0,2,5.1,65.8,25,0,11,3.8,41,1,14,6,79.5,60.0,60.0,57.6,0,1,42,2,9.1,77.2,2.4,1,2,0,4,0,1,2.4,285,7.5
8,Jordan Love,40306,QB,GB,1,90.9,33,37,5.9,2.49,0,1,2.6,78.4,29,0,12,3.3,37,1,16,12,79.0,81.2,79.5,60.0,2,0,38,0,0.0,134.2,0.0,0,0,0,2,3,0,0.0,360,9.7
8,Aaron Rodgers,2241,QB,PIT,1,78.1,32,36,7.5,2.77,1,2,4.8,66.7,24,0,13,4.0,39,1,10,25,79.8,75.9,74.5,,1,0,45,0,23.1,101.5,7.7,3,0,0,2,2,0,0.0,219,6.1
8,Dillon Gabriel,86272,QB,CLV,1,67.7,31,35,7.5,2.99,2,0,0.0,60.0,21,0,18,0.0,38,0,8,8,79.0,33.7,34.6,64.4,0,2,40,2,5.6,65.9,2.6,1,1,0,2,2,3,7.5,156,4.5
8,Joe Flacco,4332,QB,CIN,1,71.9,32,34,5.4,2.54,0,1,2.9,61.8,21,0,7,8.7,36,2,12,7,78.8,69.1,64.0,74.6,0,0,37,0,14.3,100.5,2.8,1,1,0,2,2,1,2.7,223,6.6
8,Patrick Mahomes,11765,QB,KC,1,83.9,31,34,6.6,2.99,0,3,8.3,73.5,25,0,15,3.8,41,1,17,16,79.7,82.8,81.7,63.2,1,2,43,1,20.0,104.9,7.3,3,3,0,2,3,1,2.3,299,8.8
8,Mac Jones,60323,QB,SF,1,75.9,29,32,11.6,2.79,0,3,9.1,59.4,19,0,13,13.6,37,3,12,28,78.9,78.8,75.1,71.0,2,1,39,0,15.4,84.5,5.4,2,2,0,1,2,1,2.6,193,6.0
8,Justin Fields,82118,QB,NYJ,1,75.0,28,32,6.0,2.92,0,2,6.1,65.6,21,0,7,0.0,37,0,12,22,80.1,77.8,80.8,59.9,1,0,39,0,0.0,99.0,0.0,0,5,1,2,1,0,0.0,244,7.6
8,Dak Prescott,10769,QB,DAL,1,66.7,30,31,7.9,2.64,1,1,2.9,61.3,19,0,14,5.0,38,1,11,9,79.5,51.6,54.7,48.5,0,2,42,0,14.3,51.5,5.3,2,5,0,0,0,2,4.8,188,6.1
8,Kirk Cousins,7102,QB,ATL,1,76.7,30,31,8.6,2.48,0,0,0.0,67.7,21,0,11,8.7,32,2,7,2,78.4,66.2,66.2,60.0,0,0,33,0,9.1,81.8,3.1,1,0,0,1,0,0,0.0,173,5.6
8,Marcus Mariota,9435,QB,WAS,1,82.8,29,30,5.2,3.33,1,2,6.5,70.0,21,0,15,12.5,35,3,9,32,28.8,69.4,77.8,44.0,0,2,36,0,13.3,73.3,5.7,2,3,0,0,1,2,5.6,213,7.1
8,Tyler Shough,83537,QB,NO,1,65.5,29,30,9.1,2.58,1,1,3.3,56.7,17,0,11,10.5,35,2,8,20,78.3,71.3,71.0,59.4,0,1,35,0,18.2,53.2,5.7,2,3,0,0,0,0,0.0,128,4.3
8,Daniel Jones,39395,QB,IND,1,84.6,26,29,9.5,2.85,0,0,0.0,72.4,21,0,10,4.5,33,1,14,14,77.9,74.9,74.7,58.3,1,0,33,0,30.0,136.0,9.1,3,1,0,2,3,0,0.0,272,9.4
8,Bo Nix,97790,QB,DEN,1,85.2,27,29,11.9,2.43,0,3,8.8,65.5,19,0,6,17.4,30,4,15,10,78.5,87.2,85.2,60.0,0,1,35,0,0.0,117.4,0.0,0,0,0,2,4,1,2.9,247,8.5
8,Carson Wentz,10636,QB,MIN,1,62.5,24,27,6.3,2.7,1,0,0.0,55.6,15,0,17,0.0,32,0,8,18,32.2,35.4,36.5,,1,1,33,0,29.4,67.5,15.6,5,0,0,1,1,2,6.1,144,5.3
8,Tua Tagovailoa,60326,QB,MIA,1,84.0,25,26,4.4,2.23,1,1,3.4,76.9,20,0,7,4.8,27,1,10,17,77.4,82.6,81.1,,0,0,30,0,14.3,138.6,3.7,1,0,0,0,4,0,0.0,205,7.9
8,Justin Herbert,28237,QB,LAC,1,75.0,24,25,9.2,3.2,0,1,3.8,72.0,18,0,22,0.0,34,0,17,27,78.3,93.6,91.5,82.7,0,1,35,0,9.1,122.8,5.9,2,7,0,1,3,0,0.0,227,9.1
8,Andy Dalton,6187,QB,CAR,1,69.6,23,24,8.2,2.62,0,1,4.0,66.7,16,0,15,0.0,34,0,11,5,20.7,43.1,50.2,36.8,0,1,36,0,46.7,70.7,20.6,7,1,0,1,0,4,11.1,175,7.3
8,Jaxson Dart,146409,QB,NYG,1,76.2,21,24,11.6,3.69,0,3,12.0,58.3,14,0,15,12.5,31,2,10,21,78.7,81.1,80.9,67.5,1,0,32,1,33.3,98.1,16.1,5,2,0,2,1,0,0.0,193,8.0
8,Baker Mayfield,46518,QB,TB,1,78.3,23,24,6.8,2.64,0,1,4.2,62.5,15,0,10,16.7,27,3,8,30,25.4,63.5,62.5,,1,0,27,0,30.0,80.6,11.1,3,0,0,0,0,2,7.4,152,6.3
8,Drake Maye,143969,QB,NE,1,82.6,23,24,12.1,3.09,0,1,3.7,75.0,18,0,14,5.3,34,1,13,19,28.7,71.6,67.7,70.8,0,1,37,0,42.9,135.8,17.6,6,4,0,1,3,2,5.4,282,11.8
8,Tyler Huntley,46448,QB,BLT,1,85.7,21,22,9.3,2.68,1,1,4.2,77.3,17,0,7,5.6,25,1,9,3,78.6,72.1,67.7,70.1,0,0,27,1,28.6,116.9,8.0,2,1,0,0,1,1,3.7,186,8.5
8,Spencer Rattler,97408,QB,NO,1,75.0,20,21,9.6,2.64,0,0,0.0,71.4,15,0,11,0.0,27,0,7,20,25.8,35.1,50.4,29.1,0,1,28,1,27.3,68.8,11.1,3,2,1,0,0,2,7.1,136,6.5
8,Jalen Hurts,40291,QB,PHI,1,83.3,18,20,8.1,3.32,1,0,0.0,75.0,15,0,11,0.0,27,0,11,24,77.4,63.1,68.0,52.1,1,0,29,1,36.4,141.5,14.8,4,3,0,0,4,0,0.0,179,9.0
8,Josh Allen,46601,QB,BUF,1,68.4,19,19,5.9,3.06,0,0,0.0,63.2,12,0,7,7.7,21,1,8,4,76.9,69.8,65.3,69.7,0,0,22,0,28.6,108.0,9.5,2,0,0,0,1,0,0.0,163,8.6
8,Mitch Trubisky,11757,QB,BUF,1,75.0,4,4,7.0,2.4,0,0,0.0,50.0,2,0,0,33.3,4,1,2,4,66.9,74.9,73.6,,0,0,4,0,,66.7,0.0,0,0,0,0,0,0,0.0,22,5.5
8,Max Brosmer,105568,QB,MIN,1,75.0,4,4,-1.3,2.0,0,0,0.0,75.0,3,0,0,0.0,4,0,1,18,66.9,64.7,64.1,,0,0,4,0,,78.1,0.0,0,0,0,0,0,0,0.0,13,3.3
8,Joe Milton III,82151,QB,DAL,1,100.0,3,4,17.7,2.1,1,1,25.0,75.0,3,0,1,0.0,4,0,3,9,66.9,79.9,78.4,,0,0,4,0,0.0,156.3,0.0,0,0,0,0,1,0,0.0,58,14.5
8,Riley Leonard,143862,QB,IND,1,0.0,2,2,4.5,1.85,0,0,0.0,0.0,0,0,0,,2,0,0,14,66.1,27.0,28.6,58.2,0,0,2,0,,39.6,0.0,0,0,0,0,0,1,50.0,0,0.0
8,Breece Hall,97636,HB,NYJ,1,100.0,1,1,12.0,4.2,0,0,0.0,100.0,1,0,0,0.0,1,0,1,22,77.1,69.1,55.1,75.0,0,0,1,1,,122.9,0.0,0,0,0,0,1,0,0.0,4,4.0
8,Zach Wilson,82096,QB,MIA,1,100.0,1,1,-3.0,1.5,0,0,0.0,100.0,1,0,0,0.0,1,0,0,17,60.4,61.4,60.4,,0,0,1,0,,79.2,0.0,0,0,0,0,0,0,0.0,0,0.0
week,player,player_id,position,team_name,player_game_count,accuracy_percent,aimed_passes,attempts,avg_depth_of_target,avg_time_to_throw,bats,big_time_throws,btt_rate,completion_percent,completions,declined_penalties,def_gen_pressures,drop_rate,dropbacks,drops,first_downs,franchise_id,grades_hands_fumble,grades_offense,grades_pass,grades_run,hit_as_threw,interceptions,passing_snaps,penalties,pressure_to_sack_rate,qb_rating,sack_percent,sacks,scrambles,spikes,thrown_aways,touchdowns,turnover_worthy_plays,twp_rate,yards,ypa
9,Daniel Jones,39395,QB,IND,1,68.9,45,50,8.9,2.71,2,2,3.6,62.0,31,0,16,0.0,56,0,17,14,24.7,53.1,55.9,45.0,1,3,61,0,31.3,63.9,8.9,5,1,1,1,1,4,6.6,342,6.8
9,Joe Flacco,4332,QB,CIN,1,77.3,44,47,10.4,2.64,1,4,8.0,66.0,31,0,14,8.8,50,3,22,7,33.8,79.9,78.2,60.0,1,2,53,1,21.4,109.4,6.0,3,0,0,1,4,3,5.7,470,10.0
9,Tua Tagovailoa,60326,QB,MIA,1,70.3,37,40,7.5,2.37,0,2,4.8,62.5,25,0,9,3.8,43,1,12,17,79.8,68.1,68.0,57.9,0,1,45,1,22.2,70.9,4.7,2,1,1,2,0,3,6.7,261,6.5
9,Dak Prescott,10769,QB,DAL,1,80.0,35,39,10.8,2.78,1,0,0.0,61.5,24,0,17,14.3,49,4,15,9,80.5,69.8,66.4,71.1,1,1,51,0,29.4,77.9,10.2,5,4,1,1,1,0,0.0,250,6.4
9,Geno Smith,7820,QB,LV,1,84.2,38,39,4.3,2.65,0,0,0.0,74.4,29,0,18,9.4,43,3,17,23,80.4,70.2,68.9,63.0,0,1,46,0,11.1,117.9,4.7,2,2,0,1,4,1,2.2,284,7.3
9,Jared Goff,10635,QB,DET,1,81.8,33,37,7.0,2.36,1,1,2.6,67.6,25,0,18,7.4,42,2,11,11,79.5,72.4,71.1,,2,0,43,0,27.8,108.4,11.9,5,0,0,1,2,0,0.0,284,7.7
9,Bo Nix,97790,QB,DEN,1,60.6,33,37,12.9,2.82,1,4,10.3,48.6,18,1,15,10.0,39,2,10,10,79.6,67.5,65.5,65.4,0,1,41,1,6.7,68.9,2.6,1,1,0,3,2,2,4.9,173,4.7
9,Michael Penix Jr.,82134,QB,ATL,1,71.9,32,37,9.1,2.78,0,1,2.6,59.5,22,0,18,4.3,40,1,14,2,40.6,58.8,56.8,66.4,2,0,42,1,5.6,103.5,2.5,1,2,0,3,3,1,2.4,221,6.0
9,Jordan Love,40306,QB,GB,1,77.1,35,37,9.0,2.65,0,2,5.4,70.3,26,0,11,3.7,40,1,13,12,79.3,61.5,62.0,56.5,0,1,40,0,9.1,80.1,2.5,1,0,0,2,0,2,5.0,273,7.4
9,Aaron Rodgers,2241,QB,PIT,1,82.4,34,35,3.3,2.32,1,0,0.0,71.4,25,0,5,10.7,39,3,10,25,79.3,70.2,70.9,55.0,0,0,40,0,60.0,95.3,7.7,3,1,0,0,1,0,0.0,203,5.8
9,Caleb Williams,144622,QB,CHI,1,79.3,29,34,9.0,4.01,2,2,5.7,58.8,20,0,18,13.0,41,3,17,6,79.8,90.8,85.2,82.4,0,0,44,1,11.1,114.8,4.9,2,5,0,3,3,0,0.0,280,8.2
9,Patrick Mahomes,11765,QB,KC,1,55.2,29,34,15.4,3.09,1,4,11.4,44.1,15,0,18,6.3,39,1,10,16,79.2,58.7,59.5,56.8,1,1,41,1,16.7,57.2,7.7,3,1,0,3,0,3,7.3,250,7.4
9,Trevor Lawrence,77632,QB,JAX,1,81.3,32,34,8.8,2.75,1,2,5.4,67.6,23,0,13,11.5,40,3,9,15,80.4,75.3,76.6,59.4,0,1,43,1,7.7,73.2,2.5,1,4,1,0,0,1,2.3,220,6.5
9,Jaxson Dart,146409,QB,NYG,1,80.6,31,33,6.8,3.02,0,2,6.1,72.7,24,0,11,4.0,39,1,10,21,79.9,75.0,70.8,71.3,0,0,39,0,18.2,107.0,5.1,2,4,0,2,2,0,0.0,191,5.8
9,Matthew Stafford,4924,QB,LA,1,80.0,30,32,10.5,2.63,1,2,5.9,75.0,24,0,7,0.0,34,0,14,26,79.3,85.0,83.5,61.0,0,0,36,0,28.6,140.8,5.9,2,0,0,1,4,0,0.0,281,8.8
9,Jacoby Brissett,10725,QB,ARZ,1,75.0,28,31,8.4,3.06,1,1,3.1,67.7,21,0,20,0.0,37,0,14,1,29.2,66.6,70.3,46.0,0,0,38,0,25.0,115.1,13.5,5,1,0,2,2,0,0.0,261,8.4
9,Davis Mills,52269,QB,HST,1,64.3,28,30,8.5,2.62,1,1,3.2,56.7,17,0,10,5.6,33,1,7,13,78.3,43.2,46.8,54.1,1,0,34,1,20.0,68.3,6.1,2,1,0,0,0,3,8.8,137,4.6
9,Drake Maye,143969,QB,NE,1,77.8,27,29,10.9,3.28,1,2,6.9,65.5,19,0,20,9.5,40,2,16,19,20.9,59.1,57.2,62.6,0,1,40,0,30.0,102.5,15.0,6,5,0,1,2,2,5.0,259,8.9
9,Justin Herbert,28237,QB,LAC,1,80.0,25,29,11.6,2.96,1,2,6.9,65.5,19,0,15,5.0,39,1,15,27,79.9,78.5,65.9,90.0,2,1,39,0,40.0,101.2,15.4,6,4,0,1,2,1,2.6,250,8.6
9,Josh Allen,46601,QB,BUF,1,96.0,25,26,5.0,2.7,0,2,7.4,88.5,23,0,8,4.2,30,1,13,4,78.8,83.1,78.5,73.3,0,0,31,0,37.5,123.2,10.0,3,1,0,1,1,0,0.0,273,10.5
9,J.J. McCarthy,144918,QB,MIN,1,69.6,23,25,10.7,3.14,0,2,7.7,56.0,14,0,14,12.5,32,2,9,18,29.5,63.5,64.9,56.1,0,1,34,0,35.7,82.6,15.6,5,1,0,2,2,1,2.9,143,5.7
9,Tyler Shough,83537,QB,NO,1,72.7,22,24,10.0,2.45,1,1,4.2,62.5,15,0,6,6.3,25,1,8,20,76.9,69.0,69.8,57.0,0,1,26,0,16.7,81.3,4.0,1,0,1,0,1,1,3.8,176,7.3
9,Sam Darnold,29048,QB,SEA,1,87.5,24,24,9.3,2.69,0,3,11.1,87.5,21,0,3,0.0,24,0,13,29,76.8,92.6,91.6,,0,1,27,0,0.0,141.0,0.0,0,0,0,0,4,1,3.7,330,13.8
9,Mac Jones,60323,QB,SF,1,86.4,22,24,6.9,2.48,1,0,0.0,79.2,19,0,7,0.0,29,0,13,28,26.7,62.3,62.1,58.1,0,0,29,0,28.6,135.2,6.9,2,2,0,1,2,1,3.4,235,9.8
9,Lamar Jackson,46416,QB,BLT,1,85.7,21,23,9.4,3.03,1,1,4.3,78.3,18,0,12,0.0,27,0,12,3,77.6,87.8,89.2,58.7,1,0,27,0,16.7,143.2,7.4,2,2,0,0,4,0,0.0,204,8.9
9,Jayden Daniels,97993,QB,WAS,1,81.0,21,22,5.9,3.51,0,1,4.2,72.7,16,0,20,5.9,35,1,9,32,79.0,68.7,67.7,63.4,0,1,38,0,20.0,72.7,11.4,4,9,0,1,0,2,5.3,153,7.0
9,Cam Ward,133244,QB,TEN,1,65.0,20,21,9.2,2.79,0,0,0.0,57.1,12,0,11,7.7,27,1,7,31,23.6,40.6,41.7,56.0,1,0,28,0,36.4,78.5,14.8,4,1,0,0,0,2,7.1,145,6.9
9,Bryce Young,123943,QB,CAR,1,72.2,18,20,7.0,2.78,0,0,0.0,55.0,11,0,8,15.4,24,2,8,5,28.6,42.6,37.6,69.6,0,1,26,0,12.5,48.3,4.2,1,2,0,2,0,1,3.8,102,5.1
9,C.J. Stroud,129759,QB,HST,1,75.0,8,10,8.5,3.36,0,0,0.0,60.0,6,0,6,0.0,14,0,5,13,73.2,68.1,67.7,60.6,0,0,14,0,33.3,85.0,14.3,2,2,0,2,0,0,0.0,79,7.9
9,Cole Kmet,60995,TE,CHI,1,0.0,1,1,13.0,4.8,0,0,0.0,0.0,0,0,0,,1,0,0,6,63.8,64.5,70.7,,0,0,1,0,,39.6,0.0,0,0,0,0,0,0,0.0,0,0.0
9,DJ Moore,48267,WR,CHI,1,100.0,1,1,3.0,4.2,0,0,0.0,100.0,1,0,1,0.0,1,0,1,6,69.1,74.6,68.9,70.0,0,0,1,1,0.0,118.8,0.0,0,0,0,0,1,0,0.0,2,2.0
9,Taysom Hill,12112,TE,NO,1,0.0,1,1,-2.0,1.0,0,0,0.0,0.0,0,0,0,,1,0,0,20,69.4,53.8,59.8,60.0,0,0,1,0,,39.6,0.0,0,0,0,0,0,0,0.0,0,0.0
9,Tyson Bagent,169628,QB,CHI,1,100.0,1,1,-5.0,3.7,0,0,0.0,100.0,1,0,1,0.0,1,0,1,6,60.4,62.4,60.1,,0,0,1,0,0.0,118.8,0.0,0,0,0,0,0,0,0.0,20,20.0
week,player,player_id,position,team_name,player_game_count,accuracy_percent,aimed_passes,attempts,avg_depth_of_target,avg_time_to_throw,bats,big_time_throws,btt_rate,completion_percent,completions,declined_penalties,def_gen_pressures,drop_rate,dropbacks,drops,first_downs,franchise_id,grades_hands_fumble,grades_offense,grades_pass,grades_run,hit_as_threw,interceptions,passing_snaps,penalties,pressure_to_sack_rate,qb_rating,sack_percent,sacks,scrambles,spikes,thrown_aways,touchdowns,turnover_worthy_plays,twp_rate,yards,ypa
10,Davis Mills,52269,QB,HST,1,65.1,43,45,10.4,2.87,0,3,6.3,60.0,27,0,20,3.6,49,1,18,13,25.5,47.4,54.7,32.6,0,1,53,1,10.0,84.7,4.1,2,2,0,2,2,4,7.5,292,6.5
10,Jacoby Brissett,10725,QB,ARZ,1,57.1,42,44,8.5,2.87,0,0,0.0,50.0,22,0,27,8.3,53,2,14,1,24.0,47.2,44.9,68.5,1,0,56,0,18.5,83.3,9.4,5,4,0,1,2,4,7.1,258,5.9
10,Baker Mayfield,46518,QB,TB,1,72.1,43,43,6.8,2.81,0,1,2.2,65.1,28,0,14,9.7,45,3,14,30,80.0,68.5,67.6,,0,0,47,0,14.3,106.1,4.4,2,0,0,0,3,1,2.1,273,6.3
10,J.J. McCarthy,144918,QB,MIN,1,64.7,34,42,11.7,3.33,5,4,8.7,47.6,20,0,22,9.1,47,2,10,18,80.5,53.4,52.7,67.9,1,2,51,1,4.5,54.5,2.1,1,4,0,2,1,3,5.9,248,5.9
10,Josh Allen,46601,QB,BUF,1,76.9,39,40,9.9,3.39,0,3,7.3,70.0,28,0,19,6.7,45,2,13,4,30.3,61.4,59.9,63.5,0,1,47,0,15.8,98.5,6.7,3,2,0,1,2,1,2.1,306,7.7
10,Mac Jones,60323,QB,SF,1,86.8,38,39,7.4,2.83,1,1,2.4,84.6,33,0,13,0.0,39,0,16,28,79.5,69.3,70.9,58.2,0,1,42,1,0.0,115.7,0.0,0,0,0,0,3,3,7.1,319,8.2
10,Jordan Love,40306,QB,GB,1,73.3,30,36,9.3,2.92,2,1,2.6,55.6,20,0,20,9.1,42,2,11,12,21.4,68.4,72.0,46.4,1,0,44,1,15.0,68.8,7.1,3,3,1,2,0,1,2.3,176,4.9
10,Matthew Stafford,4924,QB,LA,1,78.8,33,36,9.2,3.05,0,2,5.6,66.7,24,0,13,7.7,37,2,20,26,79.2,87.6,85.8,60.5,0,0,37,0,7.7,127.1,2.7,1,0,0,3,4,1,2.7,280,7.8
10,Caleb Williams,144622,QB,CHI,1,73.5,34,36,11.0,3.53,1,2,5.3,55.6,20,0,12,20.0,41,5,14,6,80.3,81.1,76.2,75.1,1,0,45,0,0.0,83.1,0.0,0,5,0,0,1,0,0.0,220,6.1
10,Justin Herbert,28237,QB,LAC,1,76.7,30,33,5.1,2.33,2,0,0.0,60.6,20,0,17,13.0,40,3,8,27,79.9,50.5,48.5,62.2,0,0,42,0,29.4,90.5,12.5,5,2,0,1,1,1,2.4,220,6.7
10,Jared Goff,10635,QB,DET,1,89.7,29,33,5.9,2.47,1,0,0.0,75.8,25,0,9,3.8,33,1,19,11,78.1,90.3,88.6,,0,0,34,0,0.0,135.9,0.0,0,0,0,3,3,0,0.0,320,9.7
10,Dillon Gabriel,86272,QB,CLV,1,59.4,32,32,6.6,2.98,0,1,2.9,53.1,17,0,19,10.5,44,2,11,8,80.0,63.5,60.8,71.0,0,0,47,1,31.6,88.9,13.6,6,5,0,0,2,1,2.1,167,5.2
10,Aaron Rodgers,2241,QB,PIT,1,67.9,28,31,8.5,2.6,0,0,0.0,51.6,16,0,10,15.8,34,3,6,25,27.1,35.3,36.2,,1,2,35,0,30.0,50.6,8.8,3,0,0,2,1,3,8.6,161,5.2
10,Drake Maye,143969,QB,NE,1,60.7,28,31,12.3,3.24,1,3,9.1,51.6,16,0,16,5.9,36,1,9,19,79.4,66.1,70.5,46.1,0,1,38,0,6.3,89.4,2.8,1,4,0,2,2,1,2.6,270,8.7
10,Lamar Jackson,46416,QB,BLT,1,84.0,25,29,4.6,2.61,2,0,0.0,58.6,17,0,12,19.0,33,4,10,3,79.8,71.7,70.9,63.2,0,0,37,0,8.3,87.7,3.0,1,3,0,2,1,1,2.7,176,6.1
10,Jaxson Dart,146409,QB,NYG,1,74.1,27,29,9.8,3.07,0,2,6.7,65.5,19,0,11,5.0,32,1,10,21,28.4,71.2,67.6,69.4,0,0,34,0,18.2,91.5,6.3,2,1,0,2,0,3,8.8,242,8.3
10,Michael Penix Jr.,82134,QB,ATL,1,58.3,24,28,12.3,3.35,0,2,6.5,42.9,12,0,11,14.3,31,2,10,2,27.2,51.3,50.9,60.0,0,0,34,1,27.3,76.0,9.7,3,0,0,4,1,2,5.9,177,6.3
10,Bo Nix,97790,QB,DEN,1,66.7,27,28,8.3,2.81,0,0,0.0,57.1,16,0,13,11.1,30,2,5,10,79.1,59.8,56.3,68.9,0,2,33,1,7.7,54.2,3.3,1,0,0,1,1,1,3.0,150,5.4
10,Tyler Shough,83537,QB,NO,1,76.9,26,27,10.5,2.9,0,2,7.4,70.4,19,0,11,5.0,30,1,9,20,78.3,76.8,75.5,63.6,0,0,31,0,18.2,128.9,6.7,2,1,0,1,2,0,0.0,282,10.4
10,Daniel Jones,39395,QB,IND,1,80.0,25,26,8.5,3.17,0,1,3.4,73.1,19,0,14,5.0,39,1,12,14,17.5,44.0,37.9,71.5,1,1,42,1,50.0,100.6,17.9,7,6,0,0,1,5,11.9,255,9.8
10,Geno Smith,7820,QB,LV,1,87.0,23,26,4.5,2.63,1,1,3.6,61.5,16,0,16,20.0,34,4,7,23,78.7,67.5,66.6,61.3,0,1,36,1,37.5,60.3,17.6,6,2,0,2,0,0,0.0,143,5.5
10,Jalen Hurts,40291,QB,PHI,1,65.2,23,26,8.1,3.53,0,1,3.7,57.7,15,0,10,0.0,29,0,8,24,26.6,63.0,72.2,41.6,0,0,30,2,0.0,92.3,0.0,0,3,0,3,1,0,0.0,183,7.0
10,Bryce Young,123943,QB,CAR,1,81.0,21,25,7.3,2.71,2,0,0.0,68.0,17,0,9,0.0,27,0,6,5,77.6,36.3,34.3,64.7,0,1,30,0,22.2,62.8,7.4,2,0,0,2,0,2,6.7,124,5.0
10,Trevor Lawrence,77632,QB,JAX,1,73.7,19,23,8.6,3.33,2,1,3.4,56.5,13,0,19,7.1,32,1,8,15,21.5,48.8,45.6,63.4,2,1,39,0,26.3,74.2,15.6,5,4,0,0,1,5,12.8,158,6.9
10,Marcus Mariota,9435,QB,WAS,1,76.2,21,22,13.8,2.69,1,3,13.0,72.7,16,0,7,0.0,26,0,10,32,77.8,79.6,80.7,58.0,0,0,28,0,28.6,133.3,7.7,2,2,0,0,2,0,0.0,213,9.7
10,Tua Tagovailoa,60326,QB,MIA,1,75.0,20,21,9.9,2.33,1,2,9.5,71.4,15,0,6,0.0,23,0,9,17,76.5,72.8,71.7,60.0,0,2,23,0,0.0,88.1,0.0,0,0,0,0,2,2,8.7,173,8.2
10,Sam Darnold,29048,QB,SEA,1,83.3,12,12,9.9,2.89,0,1,7.1,83.3,10,0,3,0.0,13,0,6,29,22.5,67.9,66.7,60.0,0,1,15,0,33.3,111.8,7.7,1,0,0,0,1,1,6.7,178,14.8
10,Justin Fields,82118,QB,NYJ,1,66.7,9,11,5.0,2.82,1,0,0.0,54.5,6,0,10,0.0,16,0,2,22,76.1,45.7,38.9,61.2,1,1,17,0,30.0,60.4,18.8,3,2,0,0,1,1,5.9,54,4.9
10,Russell Wilson,7077,QB,NYG,1,100.0,4,7,0.5,3.42,0,0,0.0,42.9,3,1,7,25.0,11,1,2,21,71.9,57.5,54.9,61.3,1,0,11,1,28.6,64.6,18.2,2,2,0,2,0,0,0.0,45,6.4
10,Kyle Allen,26152,QB,DET,1,50.0,2,2,6.0,2.25,0,0,0.0,0.0,0,0,0,100.0,2,1,0,11,66.1,74.4,73.0,60.0,0,0,2,0,,39.6,0.0,0,0,0,0,0,0,0.0,0,0.0
10,Kedon Slovis,100580,QB,ARZ,1,100.0,1,1,5.0,1.9,0,0,0.0,0.0,0,0,0,100.0,1,1,0,1,60.4,57.8,58.0,,0,0,1,0,,39.6,0.0,0,0,0,0,0,0,0.0,0,0.0
10,Kenny Pickett,60515,QB,LV,1,100.0,1,1,4.0,1.9,0,0,0.0,0.0,0,0,1,100.0,1,1,0,23,60.4,60.7,60.4,,0,0,1,0,0.0,39.6,0.0,0,0,0,0,0,0,0.0,0,0.0
10,Taysom Hill,12112,TE,NO,1,,0,1,,2.9,0,0,0.0,0.0,0,0,1,,1,0,0,20,71.9,55.3,60.0,66.6,0,0,1,0,0.0,39.6,0.0,0,0,0,1,0,0,0.0,0,0.0
week,player,player_id,position,team_name,player_game_count,accuracy_percent,aimed_passes,attempts,avg_depth_of_target,avg_time_to_throw,bats,big_time_throws,btt_rate,completion_percent,completions,declined_penalties,def_gen_pressures,drop_rate,dropbacks,drops,first_downs,franchise_id,grades_hands_fumble,grades_offense,grades_pass,grades_run,hit_as_threw,interceptions,passing_snaps,penalties,pressure_to_sack_rate,qb_rating,sack_percent,sacks,scrambles,spikes,thrown_aways,touchdowns,turnover_worthy_plays,twp_rate,yards,ypa
11,Jacoby Brissett,10725,QB,ARZ,1,87.3,55,57,6.9,2.58,1,1,1.7,82.5,47,0,10,2.1,57,1,18,1,81.9,78.7,77.5,69.4,0,2,61,1,0.0,96.8,0.0,0,0,0,1,2,2,3.3,452,7.9
11,Patrick Mahomes,11765,QB,KC,1,74.4,43,45,7.3,2.58,0,2,4.0,64.4,29,0,14,9.4,49,3,13,16,81.1,46.9,48.5,52.0,0,1,56,0,21.4,79.5,6.1,3,1,0,2,1,3,5.4,276,6.1
11,Bryce Young,123943,QB,CAR,1,80.5,41,45,7.3,2.61,1,2,4.3,68.9,31,0,15,6.1,51,2,20,5,81.0,87.2,86.2,57.9,1,0,54,0,33.3,123.2,9.8,5,0,0,2,3,0,0.0,448,10.0
11,Sam Darnold,29048,QB,SEA,1,72.5,40,44,8.5,2.92,1,0,0.0,65.9,29,0,14,0.0,46,0,15,29,80.5,39.2,38.5,62.6,1,4,49,0,0.0,45.5,0.0,0,1,0,2,0,4,8.2,279,6.3
11,Geno Smith,7820,QB,LV,1,74.4,39,42,5.7,2.85,0,1,2.3,64.3,27,0,20,6.9,49,2,13,23,80.7,58.7,58.5,59.6,2,1,51,0,20.0,77.3,8.2,4,3,0,1,1,2,3.9,238,5.7
11,Davis Mills,52269,QB,HST,1,69.2,39,41,9.1,2.25,0,3,7.1,63.4,26,0,11,3.7,47,1,13,13,80.1,81.5,81.5,54.2,1,0,48,0,36.4,90.9,8.5,4,2,0,1,1,1,2.1,274,6.7
11,Joe Flacco,4332,QB,CIN,1,63.9,36,40,8.1,2.67,2,2,4.9,57.5,23,0,14,0.0,41,0,9,7,79.5,37.8,41.7,60.0,1,1,42,2,7.1,68.6,2.4,1,0,0,1,1,3,7.1,199,5.0
11,Jared Goff,10635,QB,DET,1,48.4,31,37,7.6,2.55,4,0,0.0,37.8,14,0,15,6.7,39,1,10,11,79.1,42.5,42.9,60.0,0,1,39,1,13.3,60.1,5.1,2,0,0,2,1,0,0.0,255,6.9
11,Bo Nix,97790,QB,DEN,1,81.8,33,37,9.5,2.92,1,4,10.8,64.9,24,0,16,11.1,41,3,11,10,79.6,85.3,83.0,66.9,0,0,41,1,12.5,89.4,4.9,2,1,0,3,0,1,2.4,295,8.0
11,Cam Ward,133244,QB,TEN,1,72.7,33,37,8.1,2.63,3,2,5.1,64.9,24,0,15,0.0,43,0,12,31,29.5,57.2,53.8,70.6,0,0,45,0,20.0,87.0,7.0,3,3,0,1,1,2,4.4,194,5.2
11,Drake Maye,143969,QB,NE,1,81.3,32,34,12.2,2.99,1,1,2.8,73.5,25,0,17,3.8,37,1,16,19,79.5,84.2,84.9,53.1,0,0,40,0,5.9,107.6,2.7,1,2,0,1,1,1,2.5,281,8.3
11,Dak Prescott,10769,QB,DAL,1,87.1,31,33,7.5,2.85,1,0,0.0,75.8,25,0,11,7.4,34,2,16,9,28.6,68.4,67.1,61.3,0,0,35,0,9.1,138.6,2.9,1,0,0,1,4,3,8.6,268,8.1
11,J.J. McCarthy,144918,QB,MIN,1,73.3,30,32,10.0,2.68,2,2,6.1,50.0,16,0,9,27.3,32,6,10,18,77.9,52.9,52.6,,0,2,33,0,0.0,47.7,0.0,0,0,0,0,1,3,9.1,150,4.7
11,Caleb Williams,144622,QB,CHI,1,67.9,28,32,11.5,3.54,0,1,3.1,50.0,16,0,15,15.8,36,3,7,6,78.8,66.4,60.6,75.4,0,0,37,1,13.3,68.9,5.6,2,2,0,4,0,0,0.0,193,6.0
11,Josh Allen,46601,QB,BUF,1,66.7,30,30,11.3,2.88,0,2,6.1,63.3,19,0,14,5.0,33,1,14,4,79.1,72.4,68.6,75.8,0,2,36,1,0.0,104.4,0.0,0,3,0,0,3,2,5.6,317,10.6
11,Marcus Mariota,9435,QB,WAS,1,75.0,28,30,7.2,2.55,0,1,3.0,66.7,20,0,11,4.8,32,1,11,32,78.9,53.6,51.2,64.0,0,1,35,0,9.1,84.4,3.1,1,1,0,2,1,2,5.7,213,7.1
11,Jameis Winston,9434,QB,NYG,1,69.0,29,29,7.7,2.51,0,0,0.0,65.5,19,0,9,5.0,31,1,10,21,78.5,54.8,47.7,81.0,0,1,33,0,22.2,71.2,6.5,2,0,0,0,0,3,9.1,201,6.9
11,Baker Mayfield,46518,QB,TB,1,69.2,26,28,7.7,2.8,1,1,3.3,57.1,16,0,7,11.1,35,2,9,30,28.1,55.1,50.9,67.0,0,1,38,0,14.3,72.5,2.9,1,4,0,1,1,3,7.9,173,6.2
11,Jalen Hurts,40291,QB,PHI,1,63.0,27,28,13.2,2.93,0,3,9.7,50.0,14,0,8,17.6,32,3,6,24,79.8,77.1,78.7,58.6,0,0,35,0,12.5,63.8,3.1,1,2,0,1,0,0,0.0,135,4.8
11,Matthew Stafford,4924,QB,LA,1,68.0,25,28,5.2,2.46,1,0,0.0,53.6,15,0,11,11.8,28,2,6,26,77.0,71.1,69.9,,0,0,28,0,0.0,89.9,0.0,0,0,0,2,2,0,0.0,130,4.6
11,Brock Purdy,77672,QB,SF,1,82.6,23,26,8.1,3.14,0,1,3.6,73.1,19,0,8,0.0,27,0,13,28,77.6,61.9,61.6,59.4,0,0,30,0,12.5,133.5,3.7,1,0,0,3,3,2,6.7,200,7.7
11,Justin Fields,82118,QB,NYJ,1,78.3,23,26,8.6,3.16,2,1,3.8,57.7,15,0,15,16.7,32,3,8,22,28.6,68.1,68.8,61.3,0,0,32,1,13.3,81.6,6.3,2,4,0,1,1,1,3.1,116,4.5
11,Lamar Jackson,46416,QB,BLT,1,60.0,25,25,8.2,3.04,0,0,0.0,56.0,14,0,14,6.7,31,1,10,3,78.5,49.8,48.5,61.3,0,2,32,1,35.7,47.6,16.1,5,1,0,0,0,1,3.1,193,7.7
11,Jordan Love,40306,QB,GB,1,85.0,20,24,13.6,3.18,1,3,11.1,54.2,13,0,12,23.5,28,4,9,12,77.6,93.1,93.4,52.3,2,0,31,0,16.7,105.2,7.1,2,1,0,1,2,0,0.0,174,7.3
11,Trevor Lawrence,77632,QB,JAX,1,75.0,20,22,10.1,2.77,2,0,0.0,63.6,14,0,7,6.7,24,1,11,15,77.4,57.8,59.1,53.7,0,1,26,0,0.0,80.3,0.0,0,2,0,0,1,2,7.7,153,7.0
11,Tua Tagovailoa,60326,QB,MIA,1,80.0,20,20,6.5,2.24,0,0,0.0,70.0,14,0,5,12.5,26,2,8,17,76.8,55.9,57.6,,0,0,27,1,60.0,96.0,11.5,3,0,0,0,0,1,3.7,171,8.6
11,Justin Herbert,28237,QB,LAC,1,71.4,14,18,5.5,3.1,1,1,5.0,55.6,10,0,9,0.0,23,0,4,27,76.6,53.0,51.4,61.3,1,1,26,1,22.2,44.0,8.7,2,3,0,2,0,1,3.8,81,4.5
11,Shedeur Sanders,131396,QB,CLV,1,35.7,14,16,9.8,3.31,0,1,6.3,25.0,4,0,10,20.0,21,1,3,8,23.4,27.4,26.6,59.1,1,1,21,1,20.0,13.5,9.5,2,3,0,1,0,3,14.3,47,2.9
11,Mason Rudolph,46569,QB,PIT,1,85.7,14,16,2.9,2.94,0,0,0.0,75.0,12,0,2,0.0,16,0,8,25,74.6,59.8,62.7,60.0,0,0,17,1,0.0,118.5,0.0,0,0,0,2,1,0,0.0,127,7.9
11,Michael Penix Jr.,82134,QB,ATL,1,93.3,15,16,8.3,2.74,0,0,0.0,81.3,13,0,6,7.1,17,1,8,2,74.8,79.1,74.3,65.6,0,0,19,0,0.0,112.2,0.0,0,1,0,1,0,0,0.0,175,10.9
11,Aaron Rodgers,2241,QB,PIT,1,60.0,15,15,5.6,3.69,0,0,0.0,60.0,9,0,10,0.0,17,0,6,25,75.4,42.9,40.3,63.3,0,0,21,0,10.0,106.5,5.9,1,1,0,0,1,0,0.0,116,7.7
11,Kirk Cousins,7102,QB,ATL,1,61.5,13,14,10.0,2.63,0,0,0.0,42.9,6,0,3,25.0,14,2,3,2,74.3,55.1,52.3,62.6,1,0,16,0,0.0,52.1,0.0,0,0,0,0,0,1,6.3,48,3.4
11,Dillon Gabriel,86272,QB,CLV,1,70.0,10,10,5.6,2.73,0,0,0.0,70.0,7,0,4,0.0,12,0,2,8,73.0,49.4,55.4,48.0,0,0,12,0,25.0,88.7,8.3,1,1,0,0,0,0,0.0,68,6.8
11,Trey Lance,91399,QB,LAC,1,57.1,7,8,16.9,3.67,0,1,12.5,37.5,3,0,3,25.0,9,1,1,27,72.9,52.0,52.6,57.7,1,0,9,0,33.3,52.6,11.1,1,0,0,0,0,1,11.1,37,4.6
11,Malik Willis,60341,QB,GB,1,100.0,2,2,5.0,2.9,0,0,0.0,100.0,2,0,1,0.0,2,0,2,12,66.1,77.5,71.4,63.7,0,0,2,0,0.0,118.8,0.0,0,0,0,0,1,0,0.0,6,3.0
11,RJ Harvey,99622,HB,DEN,1,0.0,1,1,2.0,3.4,0,0,0.0,0.0,0,0,0,,1,0,0,10,75.3,55.5,59.0,58.5,0,0,1,0,,39.6,0.0,0,0,0,0,0,1,100.0,0,0.0
11,Isaiah Williams,97156,WR,NYJ,1,0.0,1,1,7.0,3.6,0,0,0.0,0.0,0,0,0,,1,0,0,22,72.7,49.0,56.3,56.6,0,0,1,0,,39.6,0.0,0,0,0,0,0,0,0.0,0,0.0
week,player,player_id,position,team_name,player_game_count,accuracy_percent,aimed_passes,attempts,avg_depth_of_target,avg_time_to_throw,bats,big_time_throws,btt_rate,completion_percent,completions,declined_penalties,def_gen_pressures,drop_rate,dropbacks,drops,first_downs,franchise_id,grades_hands_fumble,grades_offense,grades_pass,grades_run,hit_as_threw,interceptions,passing_snaps,penalties,pressure_to_sack_rate,qb_rating,sack_percent,sacks,scrambles,spikes,thrown_aways,touchdowns,turnover_worthy_plays,twp_rate,yards,ypa
12,Jacoby Brissett,10725,QB,ARZ,1,79.5,44,49,7.1,3.14,0,2,3.6,67.3,33,0,27,5.7,58,2,17,1,41.0,64.4,62.5,66.2,0,0,64,1,22.2,92.0,10.3,6,3,0,5,1,1,1.6,317,6.5
12,Patrick Mahomes,11765,QB,KC,1,72.1,43,46,7.6,3.33,0,2,3.9,63.0,29,0,17,6.5,54,2,17,16,81.4,82.6,78.2,75.7,0,1,59,0,23.5,77.4,7.4,4,4,0,3,0,0,0.0,352,7.7
12,Geno Smith,7820,QB,LV,1,80.0,40,44,7.9,2.62,1,3,6.3,68.2,30,0,26,6.3,56,2,16,23,24.6,56.7,53.7,71.6,0,0,60,0,38.5,93.5,17.9,10,2,0,3,1,3,5.0,285,6.5
12,Tyler Shough,83537,QB,NO,1,82.5,40,43,7.6,2.66,1,0,0.0,69.8,30,0,20,9.1,50,3,12,20,81.3,49.5,49.5,57.9,1,1,52,0,25.0,74.1,10.0,5,2,0,1,0,2,3.8,243,5.7
12,Cam Ward,133244,QB,TEN,1,81.1,37,42,4.9,3.09,0,1,2.1,66.7,28,0,23,6.7,51,2,15,31,81.3,78.7,74.7,73.0,1,0,56,0,17.4,91.0,7.8,4,5,0,4,1,0,0.0,256,6.1
12,Jared Goff,10635,QB,DET,1,81.1,37,42,5.3,2.42,0,2,4.5,66.7,28,0,10,6.7,45,2,13,11,80.1,75.6,75.7,56.8,1,1,48,1,30.0,91.3,6.7,3,0,2,2,2,0,0.0,279,6.6
12,Jalen Hurts,40291,QB,PHI,1,79.4,34,39,8.0,2.94,0,0,0.0,69.2,27,0,18,0.0,43,0,14,24,80.9,72.3,70.5,65.5,2,0,47,0,5.6,99.2,2.3,1,2,0,3,1,0,0.0,289,7.4
12,Joe Flacco,4332,QB,CIN,1,62.5,32,37,9.0,2.69,0,1,2.6,51.4,19,0,13,5.0,38,1,9,7,79.1,50.5,51.2,58.2,0,1,39,1,7.7,63.2,2.6,1,0,1,4,1,2,5.1,183,4.9
12,Jameis Winston,9434,QB,NYG,1,63.3,30,36,12.8,3.23,1,5,12.5,50.0,18,0,16,5.3,38,1,16,21,80.0,86.3,80.5,55.6,1,1,42,1,6.3,93.1,2.6,1,1,0,4,2,2,4.8,366,10.2
12,Dak Prescott,10769,QB,DAL,1,74.3,35,36,11.1,2.68,0,3,7.1,63.9,23,0,15,11.5,41,3,17,9,80.4,74.8,74.3,59.1,0,1,47,0,6.7,103.2,2.4,1,3,1,0,2,2,4.3,354,9.8
12,Caleb Williams,144622,QB,CHI,1,66.7,30,35,8.9,2.66,0,0,0.0,54.3,19,0,8,5.0,38,1,11,6,27.0,44.4,42.7,69.7,0,0,41,1,12.5,104.3,2.6,1,2,1,4,3,3,7.3,239,6.8
12,Matthew Stafford,4924,QB,LA,1,84.4,32,35,7.4,2.7,0,1,2.8,71.4,25,0,6,7.4,36,2,16,26,78.6,91.5,90.6,,0,0,37,1,16.7,122.7,2.8,1,0,0,3,3,0,0.0,273,7.8
12,Drake Maye,143969,QB,NE,1,68.8,32,35,8.6,2.95,0,3,7.9,62.9,22,0,13,0.0,39,0,14,19,79.7,64.6,62.9,63.7,1,1,42,0,7.7,87.1,2.6,1,3,0,2,1,2,4.8,294,8.4
12,Josh Allen,46601,QB,BUF,1,83.9,31,34,5.8,2.75,1,2,5.9,70.6,24,0,20,7.7,46,2,10,4,80.3,55.6,53.3,64.5,1,2,46,0,40.0,67.4,17.4,8,3,0,1,0,2,4.3,253,7.4
12,Brock Purdy,77672,QB,SF,1,77.4,31,32,6.5,2.76,1,0,0.0,71.9,23,0,14,4.2,35,1,12,28,79.4,60.9,55.1,79.5,0,3,35,1,0.0,58.5,0.0,0,1,0,0,1,3,8.6,193,6.0
12,Daniel Jones,39395,QB,IND,1,66.7,30,31,4.7,2.53,1,1,3.1,61.3,19,0,11,5.0,33,1,8,14,78.3,56.6,51.8,73.3,0,0,34,2,0.0,99.0,0.0,0,2,0,0,2,1,2.9,181,5.8
12,Mason Rudolph,46569,QB,PIT,1,85.7,28,31,6.2,2.53,2,0,0.0,77.4,24,0,7,0.0,35,0,8,25,28.4,57.3,53.1,69.3,0,1,38,0,28.6,86.9,5.7,2,1,0,1,1,3,7.9,171,5.5
12,Trevor Lawrence,77632,QB,JAX,1,75.0,28,30,10.5,2.86,1,3,9.7,60.0,18,0,12,14.3,35,3,14,15,28.5,63.9,63.4,59.7,1,3,36,0,25.0,81.4,8.6,3,2,0,0,3,3,8.3,256,8.5
12,Davis Mills,52269,QB,HST,1,67.9,28,30,8.5,2.43,0,0,0.0,53.3,16,0,7,15.8,30,3,7,13,78.4,66.8,68.0,61.7,0,0,33,1,0.0,90.0,0.0,0,0,0,2,2,0,0.0,153,5.1
12,Bryce Young,123943,QB,CAR,1,65.5,29,29,6.2,2.95,0,1,3.2,62.1,18,0,12,5.3,34,1,10,5,78.6,40.3,41.2,54.5,0,2,37,1,8.3,60.8,2.9,1,4,0,0,1,3,8.1,169,5.8
12,Tyrod Taylor,6332,QB,NYJ,1,69.2,26,28,10.2,3.38,1,0,0.0,60.7,17,0,12,5.6,34,1,12,22,78.7,48.2,46.2,60.6,0,1,35,1,25.0,82.7,8.8,3,3,0,1,1,1,2.9,222,7.9
12,Sam Darnold,29048,QB,SEA,1,66.7,24,26,9.3,2.61,0,3,11.1,61.5,16,0,11,0.0,28,0,9,29,77.4,60.3,61.9,60.0,1,0,29,1,9.1,118.1,3.6,1,0,0,1,2,2,6.9,244,9.4
12,Lamar Jackson,46416,QB,BLT,1,75.0,20,23,11.4,3.41,0,0,0.0,56.5,13,0,8,13.3,29,2,7,3,78.2,60.9,62.5,47.1,0,0,32,0,12.5,76.9,3.4,1,5,0,3,0,0,0.0,153,6.7
12,Kirk Cousins,7102,QB,ATL,1,85.0,20,23,8.2,2.88,0,3,13.0,69.6,16,0,8,5.9,28,1,8,2,26.1,83.3,80.1,66.4,0,1,28,1,37.5,107.0,10.7,3,1,1,2,2,1,3.6,199,8.7
12,Jordan Love,40306,QB,GB,1,73.7,19,21,8.4,2.63,1,0,0.0,66.7,14,0,11,0.0,24,0,9,12,76.9,62.7,60.1,64.3,0,0,25,0,9.1,85.2,4.2,1,1,0,1,0,1,4.0,139,6.6
12,Shedeur Sanders,131396,QB,CLV,1,61.1,18,20,9.4,3.0,0,1,4.3,55.0,11,0,12,0.0,21,0,4,8,76.4,50.3,49.7,60.0,1,1,24,0,8.3,87.3,4.8,1,0,0,1,1,1,4.2,209,10.5
12,J.J. McCarthy,144918,QB,MIN,1,72.2,18,19,6.3,3.09,0,1,5.3,63.2,12,0,12,7.7,25,1,4,18,28.7,47.3,49.4,54.0,1,2,25,0,41.7,34.2,20.0,5,1,0,0,0,1,4.0,87,4.6
12,Baker Mayfield,46518,QB,TB,1,52.9,17,19,8.9,2.9,1,0,0.0,47.4,9,0,10,0.0,25,0,5,30,76.9,66.3,62.5,68.0,0,2,26,0,20.0,32.0,8.0,2,3,0,1,1,0,0.0,41,2.2
12,Teddy Bridgewater,8667,QB,TB,1,57.1,14,15,6.4,2.57,0,0,0.0,53.3,8,0,7,0.0,18,0,2,30,75.1,42.9,44.0,57.9,0,0,20,0,28.6,63.8,11.1,2,1,0,1,0,0,0.0,62,4.1
12,Taysom Hill,12112,TE,NO,1,,0,2,,2.95,1,0,0.0,0.0,0,0,0,,2,0,0,20,73.6,60.2,58.0,64.3,0,0,2,1,,39.6,0.0,0,0,0,1,0,0,0.0,0,0.0
12,Jake Browning,46401,QB,CIN,1,100.0,1,1,9.0,4.6,0,0,0.0,100.0,1,0,1,0.0,1,0,1,7,60.4,78.1,75.9,,0,0,1,0,0.0,118.8,0.0,0,0,0,0,0,0,0.0,14,14.0
12,Kedon Slovis,100580,QB,ARZ,1,100.0,1,1,-2.0,2.6,0,0,0.0,100.0,1,0,1,0.0,1,0,0,1,60.4,61.4,60.4,,0,0,1,0,0.0,79.2,0.0,0,0,0,0,0,0,0.0,-2,-2.0
12,Gunner Olszewski,95015,WR,NYG,1,100.0,1,1,15.0,5.3,0,0,0.0,100.0,1,0,1,0.0,1,0,1,21,74.5,65.3,68.8,,0,0,1,0,0.0,158.3,0.0,0,0,0,0,1,0,0.0,33,33.0
12,Malik Willis,60341,QB,GB,1,100.0,1,1,1.0,2.6,0,0,0.0,100.0,1,0,0,0.0,1,0,0,12,66.7,70.8,60.0,60.0,0,0,1,0,,95.8,0.0,0,0,0,0,0,0,0.0,7,7.0
week,player,player_id,position,team_name,player_game_count,accuracy_percent,aimed_passes,attempts,avg_depth_of_target,avg_time_to_throw,bats,big_time_throws,btt_rate,completion_percent,completions,declined_penalties,def_gen_pressures,drop_rate,dropbacks,drops,first_downs,franchise_id,grades_hands_fumble,grades_offense,grades_pass,grades_run,hit_as_threw,interceptions,passing_snaps,penalties,pressure_to_sack_rate,qb_rating,sack_percent,sacks,scrambles,spikes,thrown_aways,touchdowns,turnover_worthy_plays,twp_rate,yards,ypa
13,Marcus Mariota,9435,QB,WAS,1,65.2,46,50,12.1,2.69,0,2,3.7,56.0,28,0,12,6.7,55,2,19,32,82.3,62.7,59.3,69.7,0,1,59,1,16.7,78.3,3.6,2,3,0,4,2,2,3.4,294,5.9
13,Joe Burrow,28022,QB,CIN,1,60.5,43,46,9.6,2.66,0,4,8.5,52.2,24,0,11,7.7,50,2,12,7,80.7,79.6,76.8,68.3,1,0,51,1,9.1,83.7,2.0,1,2,0,2,2,0,0.0,261,5.7
13,Bo Nix,97790,QB,DEN,1,82.9,41,45,5.0,3.21,0,1,2.2,64.4,29,0,14,14.7,48,5,18,10,30.9,61.8,60.3,63.0,0,1,49,0,7.1,83.7,2.1,1,2,0,4,1,2,4.1,321,7.1
13,Jacoby Brissett,10725,QB,ARZ,1,82.9,35,40,8.2,2.97,0,0,0.0,72.5,29,0,18,0.0,45,0,17,1,79.8,73.7,73.0,60.2,0,1,45,1,11.1,100.1,4.4,2,3,1,4,2,2,4.4,301,7.5
13,Dak Prescott,10769,QB,DAL,1,77.8,36,39,7.4,2.6,1,1,2.2,69.2,27,0,16,3.6,39,1,15,9,80.4,74.8,73.4,60.5,0,1,46,1,0.0,100.4,0.0,0,0,0,2,2,3,6.5,320,8.2
13,Tyler Shough,83537,QB,NO,1,87.1,31,38,7.7,3.07,2,2,5.0,68.4,26,0,11,3.7,45,1,12,20,80.6,74.6,72.0,67.8,1,1,48,0,36.4,91.9,8.9,4,3,0,4,2,2,4.2,239,6.3
13,Cam Ward,133244,QB,TEN,1,77.1,35,38,6.4,2.88,0,0,0.0,63.2,24,0,11,11.1,42,3,5,31,29.4,44.7,45.3,63.9,0,0,46,1,27.3,70.2,7.1,3,1,0,3,0,3,6.5,141,3.7
13,Caleb Williams,144622,QB,CHI,1,54.8,31,36,7.5,2.73,1,1,2.6,47.2,17,0,13,0.0,40,0,12,6,79.9,63.1,59.3,70.0,0,1,42,0,15.4,56.9,5.0,2,2,0,4,1,1,2.4,154,4.3
13,C.J. Stroud,129759,QB,HST,1,73.3,30,35,12.6,2.91,1,0,0.0,62.9,22,0,14,0.0,38,0,14,13,79.2,66.5,66.3,58.3,1,1,41,1,14.3,75.4,5.3,2,1,0,3,0,2,4.9,276,7.9
13,Jalen Hurts,40291,QB,PHI,1,66.7,30,34,9.7,2.55,0,1,2.8,55.9,19,0,8,5.0,34,1,11,24,28.7,58.3,61.8,47.9,0,1,37,0,0.0,84.2,0.0,0,0,2,2,2,1,2.7,230,6.8
13,Patrick Mahomes,11765,QB,KC,1,75.0,32,34,7.1,3.1,0,2,5.1,67.6,23,0,17,4.2,40,1,15,16,29.4,71.3,72.0,56.3,0,0,46,0,17.6,129.7,7.5,3,3,0,2,4,1,2.2,261,7.7
13,Tyrod Taylor,6332,QB,NYJ,1,70.0,30,33,9.5,3.22,0,0,0.0,57.6,19,0,15,9.5,41,2,11,22,79.9,70.1,65.8,71.3,1,0,43,1,13.3,81.9,4.9,2,6,0,2,1,1,2.3,172,5.2
13,Kirk Cousins,7102,QB,ATL,1,71.0,31,33,5.3,2.48,0,0,0.0,63.6,21,0,12,4.5,36,1,12,2,78.6,62.8,62.0,,0,0,37,0,16.7,94.8,5.6,2,0,0,2,1,0,0.0,234,7.1
13,Lamar Jackson,46416,QB,BLT,1,56.7,30,32,12.1,3.16,0,1,2.9,53.1,17,0,17,0.0,38,0,9,3,19.9,42.2,39.7,63.7,0,1,40,0,17.6,65.4,7.9,3,3,0,2,0,2,5.0,246,7.7
13,Drake Maye,143969,QB,NE,1,80.0,30,31,8.4,2.85,0,1,3.0,77.4,24,0,12,0.0,36,0,15,19,79.6,85.3,85.0,61.7,0,0,38,0,25.0,126.0,8.3,3,2,0,1,2,0,0.0,282,9.1
13,Jordan Love,40306,QB,GB,1,65.5,29,30,11.9,2.85,0,4,12.5,60.0,18,0,14,5.3,33,1,11,12,78.8,91.2,91.8,51.6,0,0,35,0,0.0,124.2,0.0,0,2,0,1,4,0,0.0,234,7.8
13,Max Brosmer,105568,QB,MIN,1,66.7,30,30,5.2,2.6,0,1,3.3,63.3,19,0,13,5.0,34,1,6,18,78.5,22.0,22.8,60.0,0,4,35,0,30.8,32.8,11.8,4,0,0,0,0,4,11.4,126,4.2
13,Brock Purdy,77672,QB,SF,1,72.7,22,29,9.5,3.41,0,0,0.0,55.2,16,0,17,0.0,31,0,11,28,78.3,74.5,73.2,63.2,0,0,34,0,5.9,83.7,3.2,1,1,0,7,1,0,0.0,168,5.8
13,Matthew Stafford,4924,QB,LA,1,73.1,26,28,8.7,2.91,1,2,7.1,64.3,18,0,4,5.3,30,1,12,26,26.3,54.2,55.8,60.0,0,2,30,1,50.0,85.9,6.7,2,0,0,1,2,2,6.7,243,8.7
13,Baker Mayfield,46518,QB,TB,1,76.9,26,28,7.7,2.98,0,2,6.7,64.3,18,0,12,10.0,35,2,9,30,79.1,64.3,63.7,59.9,0,0,37,0,16.7,96.4,5.7,2,3,0,2,1,2,5.4,194,6.9
13,Trevor Lawrence,77632,QB,JAX,1,73.9,23,27,12.3,3.09,1,2,6.7,59.3,16,0,12,5.9,32,1,13,15,78.7,84.2,79.6,74.3,1,0,35,1,25.0,111.5,9.4,3,2,0,2,2,0,0.0,229,8.5
13,Daniel Jones,39395,QB,IND,1,73.9,23,27,9.7,2.52,1,3,10.0,51.9,14,0,16,17.6,28,3,9,14,77.6,84.2,83.1,60.0,2,0,31,1,6.3,101.0,3.6,1,0,0,1,2,0,0.0,201,7.4
13,Jared Goff,10635,QB,DET,1,91.7,24,26,6.8,2.6,1,1,3.8,76.9,20,0,11,9.1,30,2,13,11,77.6,81.0,80.6,65.6,1,0,31,0,27.3,132.9,10.0,3,1,0,0,2,0,0.0,256,9.8
13,Sam Darnold,29048,QB,SEA,1,78.9,19,26,3.7,2.49,4,0,0.0,53.8,14,0,11,6.7,30,1,8,29,19.6,37.9,37.4,,0,0,32,0,36.4,67.5,13.3,4,0,0,3,0,2,6.3,128,4.9
13,Shedeur Sanders,131396,QB,CLV,1,81.8,22,25,6.8,3.52,0,0,0.0,64.0,16,0,10,11.1,29,2,7,8,77.6,56.1,60.2,55.3,0,0,31,1,30.0,93.6,10.3,3,1,0,3,1,0,0.0,149,6.0
13,Jaxson Dart,146409,QB,NYG,1,75.0,24,24,7.8,3.15,0,1,3.7,70.8,17,0,11,5.6,30,1,6,21,77.9,61.7,60.6,61.1,0,0,33,1,18.2,99.1,6.7,2,4,0,0,1,1,3.0,139,5.8
13,Tua Tagovailoa,60326,QB,MIA,1,70.0,20,23,11.2,2.82,0,2,8.7,52.2,12,0,10,14.3,29,2,8,17,30.8,57.9,60.7,48.9,0,1,29,0,40.0,55.9,13.8,4,2,1,2,0,3,10.3,157,6.8
13,Josh Allen,46601,QB,BUF,1,77.3,22,23,2.2,2.66,1,0,0.0,65.2,15,0,9,11.8,28,2,9,4,78.0,69.6,63.0,71.4,0,1,28,1,0.0,75.1,0.0,0,4,0,0,1,1,3.6,123,5.3
13,Geno Smith,7820,QB,LV,1,90.0,20,23,4.3,2.71,2,0,0.0,78.3,18,0,11,0.0,28,0,9,23,26.9,56.2,56.0,59.3,0,1,30,0,45.5,107.4,17.9,5,0,0,1,2,1,3.3,165,7.2
13,Aaron Rodgers,2241,QB,PIT,1,64.7,17,21,6.5,2.9,2,0,0.0,47.6,10,0,5,9.1,22,1,4,25,24.2,45.7,45.7,60.0,0,0,22,0,20.0,65.0,4.5,1,0,0,2,0,1,4.5,117,5.6
13,Justin Herbert,28237,QB,LAC,1,80.0,20,20,9.7,3.15,0,0,0.0,75.0,15,0,8,6.3,26,1,11,27,76.6,61.1,63.7,50.1,0,1,26,0,37.5,108.5,11.5,3,3,0,0,2,1,3.8,151,7.6
13,Bryce Young,123943,QB,CAR,1,84.2,19,20,5.5,2.94,0,2,10.0,75.0,15,1,6,6.3,24,1,9,5,77.0,83.3,83.5,61.4,0,0,24,1,33.3,147.1,8.3,2,2,0,1,3,0,0.0,206,10.3
13,Mason Rudolph,46569,QB,PIT,1,0.0,3,3,9.7,3.93,0,0,0.0,0.0,0,0,1,,3,0,0,25,65.5,27.8,28.5,,0,1,3,0,0.0,0.0,0.0,0,0,0,0,0,1,33.3,0,0.0
13,David Montgomery,45719,HB,DET,1,0.0,1,1,6.0,0.9,0,0,0.0,0.0,0,0,1,,2,0,0,11,73.8,64.3,53.0,65.4,0,0,2,0,0.0,39.6,0.0,0,0,0,0,0,0,0.0,0,0.0
13,Christian McCaffrey,11763,HB,SF,1,,0,1,,3.3,0,0,0.0,0.0,0,0,1,,1,0,0,28,77.9,59.0,60.0,55.2,0,0,1,0,0.0,39.6,0.0,0,0,0,1,0,0,0.0,0,0.0
13,Dillon Gabriel,86272,QB,CLV,1,100.0,1,1,0.0,3.5,0,0,0.0,100.0,1,0,0,0.0,1,0,0,8,60.4,60.3,60.1,,0,0,1,0,,79.2,0.0,0,0,0,0,0,0,0.0,0,0.0
13,Trey Lance,91399,QB,LAC,1,100.0,1,1,6.0,3.95,0,0,0.0,100.0,1,0,0,0.0,2,0,0,27,69.1,50.8,60.5,51.2,0,0,2,0,,104.2,0.0,0,1,0,0,0,0,0.0,9,9.0
week,player,player_id,position,team_name,player_game_count,accuracy_percent,aimed_passes,attempts,avg_depth_of_target,avg_time_to_throw,bats,big_time_throws,btt_rate,completion_percent,completions,declined_penalties,def_gen_pressures,drop_rate,dropbacks,drops,first_downs,franchise_id,grades_hands_fumble,grades_offense,grades_pass,grades_run,hit_as_threw,interceptions,passing_snaps,penalties,pressure_to_sack_rate,qb_rating,sack_percent,sacks,scrambles,spikes,thrown_aways,touchdowns,turnover_worthy_plays,twp_rate,yards,ypa
14,Dak Prescott,10769,QB,DAL,1,68.1,47,47,10.8,2.84,0,3,5.7,66.0,31,0,22,3.1,54,1,18,9,29.9,67.9,65.0,71.2,0,2,60,0,22.7,79.7,9.3,5,2,0,0,1,2,3.3,376,8.0
14,Jacoby Brissett,10725,QB,ARZ,1,60.5,43,44,8.1,3.01,0,1,2.3,56.8,25,0,23,3.8,50,1,16,1,80.6,57.6,57.7,57.8,0,1,50,0,13.0,80.8,6.0,3,3,0,1,2,1,2.0,271,6.2
14,Shedeur Sanders,131396,QB,CLV,1,67.6,34,42,8.6,3.59,2,3,6.8,54.8,23,0,30,0.0,47,0,15,8,32.0,76.8,73.1,72.3,1,1,49,2,6.7,97.7,4.3,2,3,0,5,3,2,4.1,364,8.7
14,Jalen Hurts,40291,QB,PHI,1,63.9,36,40,10.7,2.99,0,2,4.8,52.5,21,0,18,8.7,43,2,12,24,45.9,48.6,45.8,66.1,2,4,47,0,5.6,31.3,2.3,1,2,0,2,0,4,8.5,240,6.0
14,Bo Nix,97790,QB,DEN,1,86.5,37,38,6.0,2.83,0,0,0.0,81.6,31,0,15,3.1,43,1,14,10,79.9,63.0,65.0,57.2,0,0,43,1,20.0,89.9,7.0,3,1,0,1,0,0,0.0,212,5.6
14,Joe Burrow,28022,QB,CIN,1,75.0,36,36,9.6,2.55,0,5,12.8,69.4,25,0,9,7.4,38,2,18,7,79.2,83.1,81.1,,0,2,42,0,11.1,106.7,2.6,1,0,0,0,4,1,2.4,284,7.9
14,Caleb Williams,144622,QB,CHI,1,71.4,28,35,6.9,3.68,0,2,5.7,54.3,19,0,14,5.0,39,1,14,6,79.3,60.6,61.6,55.2,0,1,40,0,7.1,76.6,2.6,1,3,0,7,2,2,5.0,186,5.3
14,Lamar Jackson,46416,QB,BLT,1,72.4,29,35,9.6,3.23,1,1,2.6,54.3,19,0,16,9.5,42,2,11,3,80.1,76.3,74.6,65.8,3,1,45,0,12.5,71.0,4.8,2,5,2,0,1,1,2.2,219,6.3
14,Jared Goff,10635,QB,DET,1,83.3,30,34,8.1,2.3,0,1,2.6,73.5,25,0,13,0.0,36,0,10,11,79.5,70.4,69.2,60.0,1,0,40,0,7.7,111.0,2.8,1,0,0,3,1,0,0.0,309,9.1
14,Aaron Rodgers,2241,QB,PIT,1,71.9,32,34,6.3,2.62,1,5,14.3,67.6,23,0,11,0.0,35,0,8,25,78.7,88.0,87.5,63.8,0,0,36,1,0.0,103.1,0.0,0,1,0,1,1,0,0.0,284,8.4
14,Patrick Mahomes,11765,QB,KC,1,65.5,29,33,9.4,3.31,0,2,6.1,42.4,14,0,21,26.3,42,5,9,16,79.3,65.0,59.2,73.6,1,3,42,0,9.5,19.8,4.8,2,7,1,2,0,2,4.8,160,4.8
14,Matthew Stafford,4924,QB,LA,1,73.3,30,31,8.4,2.38,0,6,18.2,71.0,22,0,4,0.0,31,0,13,26,77.9,93.9,93.0,,0,0,33,0,0.0,131.3,0.0,0,0,0,1,3,0,0.0,281,9.1
14,C.J. Stroud,129759,QB,HST,1,61.5,26,31,11.3,3.13,2,2,5.9,48.4,15,0,23,6.3,35,1,7,13,79.1,58.9,59.3,62.6,0,0,39,1,13.0,80.4,8.6,3,1,0,3,1,0,0.0,203,6.5
14,Baker Mayfield,46518,QB,TB,1,57.7,26,30,9.5,2.98,2,0,0.0,46.7,14,0,10,6.7,36,1,7,30,79.0,37.6,34.0,62.3,1,1,40,0,0.0,55.1,0.0,0,6,0,1,1,3,7.5,122,4.1
14,Brady Cook,124199,QB,NYJ,1,60.0,30,30,9.3,2.82,0,1,3.1,46.7,14,0,10,22.2,36,4,8,22,22.7,31.1,36.4,60.0,0,2,38,0,60.0,35.8,16.7,6,0,0,0,0,4,10.5,163,5.4
14,Trevor Lawrence,77632,QB,JAX,1,69.0,29,30,11.6,2.68,0,4,12.9,56.7,17,0,9,15.0,32,3,11,15,78.4,90.2,86.8,72.1,1,0,33,0,0.0,105.4,0.0,0,2,0,0,2,0,0.0,244,8.1
14,Kirk Cousins,7102,QB,ATL,1,63.0,27,30,7.9,2.36,1,2,6.3,50.0,15,0,9,11.8,32,2,6,2,78.1,62.7,61.7,,0,2,34,0,11.1,38.5,3.1,1,0,0,2,0,0,0.0,162,5.4
14,Sam Darnold,29048,QB,SEA,1,75.9,29,30,9.2,3.0,0,1,3.2,66.7,20,0,9,9.1,35,2,12,29,78.7,72.9,71.6,62.6,1,1,36,0,22.2,111.7,5.7,2,2,0,0,3,1,2.8,249,8.3
14,Riley Leonard,143862,QB,IND,1,66.7,27,29,7.0,2.68,1,2,5.9,62.1,18,0,12,0.0,31,0,9,14,78.7,55.8,53.6,66.4,1,1,36,0,8.3,60.3,3.2,1,1,0,0,0,3,8.3,145,5.0
14,Josh Allen,46601,QB,BUF,1,84.6,26,28,5.0,3.24,0,1,3.2,78.6,22,0,12,0.0,36,0,17,4,79.7,90.4,77.7,91.4,1,0,39,0,25.0,139.7,8.3,3,5,0,1,3,2,5.1,251,9.0
14,Cam Ward,133244,QB,TEN,1,58.3,24,28,5.6,2.55,1,1,3.4,50.0,14,0,14,0.0,30,0,6,31,78.1,53.0,51.7,60.3,0,1,31,0,7.1,70.1,3.3,1,0,0,3,2,1,3.2,117,4.2
14,Justin Herbert,28237,QB,LAC,1,56.5,23,26,11.0,3.61,0,1,3.6,46.2,12,0,26,7.7,41,1,8,27,22.2,45.4,36.5,70.8,1,1,43,0,26.9,59.6,17.1,7,8,0,2,1,2,4.7,139,5.3
14,Jordan Love,40306,QB,GB,1,73.9,23,25,12.8,2.9,0,3,11.5,68.0,17,0,9,0.0,26,0,9,12,77.1,90.4,89.3,60.0,0,1,27,0,11.1,120.7,3.8,1,0,0,2,3,1,3.7,234,9.4
14,J.J. McCarthy,144918,QB,MIN,1,77.3,22,23,7.5,2.98,1,2,8.0,69.6,16,0,12,5.9,29,1,15,18,78.5,78.4,73.1,74.5,0,0,31,0,33.3,129.2,13.8,4,2,0,0,3,0,0.0,163,7.1
14,Tua Tagovailoa,60326,QB,MIA,1,70.0,20,21,5.5,2.35,0,0,0.0,61.9,13,0,6,7.1,22,1,8,17,75.9,54.9,54.4,60.0,0,0,23,0,16.7,94.7,4.5,1,0,0,1,1,1,4.3,127,6.0
14,Geno Smith,7820,QB,LV,1,77.8,18,21,8.1,3.01,0,0,0.0,61.9,13,0,12,7.1,26,1,7,23,76.8,56.3,57.0,58.3,1,0,27,0,25.0,92.6,11.5,3,1,0,2,1,1,3.7,116,5.5
14,Tyler Shough,83537,QB,NO,1,78.9,19,20,8.6,2.9,1,0,0.0,65.0,13,0,9,13.3,24,2,10,20,78.2,83.7,74.8,82.4,0,1,26,0,33.3,65.4,12.5,3,1,0,0,0,0,0.0,144,7.2
14,Jayden Daniels,97993,QB,WAS,1,71.4,14,20,2.9,3.07,1,1,4.8,45.0,9,0,11,10.0,25,1,5,32,76.6,55.7,59.6,49.8,0,1,27,0,9.1,35.0,4.0,1,4,0,5,0,1,3.7,78,3.9
14,Kenny Pickett,60515,QB,LV,1,90.0,10,11,9.7,2.78,0,1,8.3,72.7,8,0,7,11.1,13,1,5,23,73.2,86.0,82.4,63.3,0,0,14,0,14.3,129.7,7.7,1,1,1,0,1,0,0.0,97,8.8
14,Daniel Jones,39395,QB,IND,1,71.4,7,7,9.3,2.71,0,0,0.0,71.4,5,0,2,0.0,8,0,4,14,71.4,36.9,38.3,58.3,0,1,10,0,0.0,57.7,0.0,0,1,0,0,0,1,10.0,60,8.6
14,Marcus Mariota,9435,QB,WAS,1,50.0,4,4,14.8,3.16,0,0,0.0,50.0,2,0,2,0.0,7,0,2,32,16.7,23.0,29.6,29.5,0,1,7,0,50.0,35.4,14.3,1,2,0,0,0,2,28.6,30,7.5
14,Tyrod Taylor,6332,QB,NYJ,1,66.7,3,4,3.0,3.2,0,0,0.0,25.0,1,0,1,50.0,4,1,0,22,66.9,29.6,30.9,,0,1,4,0,0.0,0.0,0.0,0,0,0,1,0,1,25.0,6,1.5
14,Nick Mullens,12282,QB,JAX,1,100.0,1,1,-1.0,2.3,0,0,0.0,100.0,1,0,0,0.0,1,0,0,15,68.2,62.5,60.4,60.5,0,0,1,0,,79.2,0.0,0,0,0,0,0,0,0.0,3,3.0
week,player,player_id,position,team_name,player_game_count,accuracy_percent,aimed_passes,attempts,avg_depth_of_target,avg_time_to_throw,bats,big_time_throws,btt_rate,completion_percent,completions,declined_penalties,def_gen_pressures,drop_rate,dropbacks,drops,first_downs,franchise_id,grades_hands_fumble,grades_offense,grades_pass,grades_run,hit_as_threw,interceptions,passing_snaps,penalties,pressure_to_sack_rate,qb_rating,sack_percent,sacks,scrambles,spikes,thrown_aways,touchdowns,turnover_worthy_plays,twp_rate,yards,ypa
15,Kirk Cousins,7102,QB,ATL,1,75.6,41,44,8.7,2.69,0,4,8.3,68.2,30,0,19,3.2,45,1,19,2,30.9,78.2,78.0,,0,0,49,2,5.3,117.0,2.2,1,0,1,2,3,1,2.0,373,8.5
15,Jared Goff,10635,QB,DET,1,79.4,34,41,10.3,2.85,0,4,9.5,61.0,25,0,21,7.4,42,2,17,11,79.5,84.1,82.3,,0,0,43,0,4.8,111.6,2.4,1,0,0,7,3,1,2.3,338,8.2
15,Jordan Love,40306,QB,GB,1,72.2,36,40,10.8,2.93,0,2,4.8,60.0,24,0,27,7.7,46,2,14,12,80.1,69.1,63.9,78.1,1,2,48,0,11.1,68.3,6.5,3,3,0,3,1,2,4.2,276,6.9
15,Jacoby Brissett,10725,QB,ARZ,1,76.3,38,40,7.0,2.73,0,2,4.9,67.5,27,0,11,6.9,43,2,14,1,80.3,56.2,56.3,57.4,0,1,46,0,18.2,98.9,4.7,2,1,0,2,3,3,6.5,249,6.2
15,Joe Burrow,28022,QB,CIN,1,80.0,35,39,8.1,2.93,0,2,4.8,64.1,25,0,14,10.7,44,3,10,7,80.1,78.9,82.5,42.9,1,2,48,0,21.4,58.2,6.8,3,2,0,3,0,1,2.1,225,5.8
15,Matthew Stafford,4924,QB,LA,1,69.4,36,38,12.8,2.78,0,4,9.8,63.2,24,0,14,4.0,41,1,20,26,79.5,71.7,72.0,55.3,1,1,44,1,14.3,101.6,4.9,2,1,0,1,2,3,6.8,368,9.7
15,Dak Prescott,10769,QB,DAL,1,77.4,31,38,8.1,2.71,0,2,5.1,60.5,23,0,22,4.2,40,1,12,9,79.4,69.5,69.2,58.7,2,0,41,1,9.1,84.8,5.0,2,0,0,5,0,1,2.4,294,7.7
15,Jaxson Dart,146409,QB,NYG,1,68.8,32,36,11.4,3.2,1,3,8.1,55.6,20,0,18,9.1,43,2,14,21,29.8,56.6,62.5,43.8,1,1,44,0,5.6,83.8,2.3,1,6,0,2,2,2,4.5,246,6.8
15,Sam Darnold,29048,QB,SEA,1,75.0,32,36,7.6,2.62,0,0,0.0,61.1,22,0,9,8.3,39,2,10,29,28.8,64.4,73.5,29.4,1,0,40,0,11.1,84.4,2.6,1,2,2,1,0,1,2.5,271,7.5
15,Shedeur Sanders,131396,QB,CLV,1,63.3,30,35,8.2,3.31,0,3,8.6,51.4,18,0,21,5.3,42,1,8,8,79.3,33.2,34.0,63.7,1,3,42,1,23.8,30.3,11.9,5,2,0,4,0,4,9.5,177,5.1
15,Baker Mayfield,46518,QB,TB,1,71.4,28,34,12.5,2.95,2,2,5.1,55.9,19,0,16,5.0,40,1,16,30,80.0,67.3,67.9,55.7,2,1,47,0,31.3,90.0,12.5,5,1,0,2,2,1,2.1,277,8.1
15,Bo Nix,97790,QB,DEN,1,69.7,33,34,10.2,3.22,0,5,13.9,67.6,23,0,16,0.0,37,0,15,10,79.9,83.1,84.7,57.4,0,0,39,0,0.0,134.7,0.0,0,2,0,1,4,4,10.3,302,8.9
15,Brady Cook,124199,QB,NYJ,1,80.0,30,33,6.1,2.81,1,0,0.0,66.7,22,0,11,8.3,41,2,12,22,79.4,53.3,51.2,62.1,0,3,41,0,27.3,52.1,7.3,3,5,0,2,1,3,7.3,176,5.3
15,Trevor Lawrence,77632,QB,JAX,1,78.6,28,32,11.8,2.92,1,3,8.8,62.5,20,0,9,9.1,36,2,18,15,79.3,93.5,91.3,80.6,1,0,39,1,0.0,136.7,0.0,0,3,0,2,5,0,0.0,330,10.3
15,Tyler Shough,83537,QB,NO,1,80.6,31,32,8.0,2.63,0,1,2.8,75.0,24,0,11,4.0,40,1,15,20,80.5,80.6,80.7,62.0,0,0,44,0,45.5,110.4,12.5,5,3,1,0,1,0,0.0,272,8.5
15,Brock Purdy,77672,QB,SF,1,85.7,28,30,8.7,3.44,0,2,5.9,76.7,23,0,14,4.2,37,1,20,28,79.5,91.0,90.7,71.0,0,0,41,1,14.3,140.3,5.4,2,5,0,2,3,0,0.0,295,9.8
15,Cam Ward,133244,QB,TEN,1,80.0,25,29,7.4,3.11,1,2,6.5,62.1,18,0,8,10.0,29,2,8,31,77.8,59.1,56.8,62.6,0,0,31,0,0.0,101.2,0.0,0,0,0,3,2,2,6.5,170,5.9
15,C.J. Stroud,129759,QB,HST,1,88.0,25,29,4.8,2.9,1,1,3.2,75.9,22,0,13,0.0,32,0,13,13,78.8,79.2,81.7,54.3,0,0,34,0,7.7,137.1,3.1,1,2,1,2,3,0,0.0,260,9.0
15,Justin Herbert,28237,QB,LAC,1,76.9,26,29,7.7,2.73,0,3,9.7,65.5,19,0,13,5.0,33,1,9,27,78.7,67.0,67.8,54.8,0,1,35,0,30.8,84.0,12.1,4,0,0,3,1,1,2.9,210,7.2
15,Josh Allen,46601,QB,BUF,1,73.1,26,28,8.6,3.19,0,2,6.7,67.9,19,0,13,0.0,35,0,12,4,80.2,82.5,70.7,86.7,0,0,38,0,15.4,123.1,5.7,2,4,0,2,3,0,0.0,193,6.9
15,Patrick Mahomes,11765,QB,KC,1,68.0,25,28,7.9,3.19,0,0,0.0,57.1,16,0,18,5.9,36,1,9,16,78.7,65.2,62.6,66.4,1,1,38,0,27.8,62.9,13.9,5,2,0,2,0,1,2.6,189,6.8
15,Tua Tagovailoa,60326,QB,MIA,1,88.5,26,28,7.0,3.37,0,1,3.3,78.6,22,0,15,4.3,34,1,15,17,78.4,61.1,62.8,54.9,0,1,36,1,26.7,113.2,11.8,4,1,0,2,2,2,5.6,253,9.0
15,Caleb Williams,144622,QB,CHI,1,80.8,26,28,11.2,3.21,0,3,10.0,60.7,17,0,13,19.0,32,4,13,6,27.8,85.1,90.2,39.4,0,0,34,0,23.1,112.5,9.4,3,1,0,2,2,0,0.0,242,8.6
15,Aaron Rodgers,2241,QB,PIT,1,88.9,27,27,3.6,2.38,0,1,3.6,85.2,23,0,7,4.2,30,1,11,25,77.7,73.0,73.0,58.3,0,0,32,0,42.9,125.9,10.0,3,0,0,0,2,1,3.1,224,8.3
15,Philip Rivers,1725,QB,IND,1,72.0,25,27,5.2,2.41,0,0,0.0,66.7,18,0,6,0.0,28,0,8,14,77.2,55.3,55.0,60.0,0,1,29,1,16.7,73.1,3.6,1,0,0,2,1,1,3.4,120,4.4
15,Kenny Pickett,60515,QB,LV,1,73.9,23,25,4.2,2.71,1,0,0.0,60.0,15,0,10,11.8,30,2,5,23,77.6,50.4,45.9,71.5,1,1,30,0,40.0,47.9,13.3,4,1,0,0,0,1,3.3,64,2.6
15,Bryce Young,123943,QB,CAR,1,76.2,21,24,8.0,3.52,0,2,8.3,62.5,15,0,18,6.3,31,1,10,5,78.0,78.4,78.7,63.9,0,0,32,0,5.6,96.4,3.2,1,6,0,3,1,0,0.0,163,6.8
15,J.J. McCarthy,144918,QB,MIN,1,69.6,23,24,11.0,3.0,0,3,11.5,62.5,15,0,9,6.3,26,1,12,18,77.5,89.7,90.5,56.2,1,1,28,0,0.0,108.0,0.0,0,2,0,0,2,0,0.0,250,10.4
15,Drake Maye,143969,QB,NE,1,71.4,21,23,11.2,3.38,1,1,4.2,60.9,14,0,9,6.7,28,1,8,19,77.7,69.1,60.2,82.0,0,1,29,0,33.3,62.8,10.7,3,2,0,1,0,1,3.4,155,6.7
15,Marcus Mariota,9435,QB,WAS,1,64.7,17,19,14.3,3.51,0,3,14.3,52.6,10,0,12,9.1,26,1,10,32,19.1,61.8,58.9,64.1,0,0,28,0,16.7,109.8,7.7,2,5,0,2,1,2,7.1,211,11.1
15,Jalen Hurts,40291,QB,PHI,1,93.3,15,15,6.8,2.94,0,2,11.8,80.0,12,0,5,14.3,18,2,10,24,76.8,79.5,80.6,63.5,0,0,20,0,20.0,154.9,5.6,1,2,0,0,3,0,0.0,175,11.7
15,Lamar Jackson,46416,QB,BLT,1,83.3,12,12,11.4,3.52,0,1,7.7,66.7,8,0,9,20.0,18,2,8,3,26.4,81.5,73.0,78.2,0,1,19,0,44.4,114.6,22.2,4,2,0,0,2,1,5.3,150,12.5
15,Gardner Minshew,41401,QB,KC,1,75.0,4,5,7.8,3.04,0,0,0.0,60.0,3,0,1,0.0,5,0,1,16,68.0,30.3,39.5,,0,1,5,1,0.0,30.8,0.0,0,0,0,1,0,1,20.0,22,4.4
15,Tanner McKee,131770,QB,PHI,1,100.0,3,3,9.7,3.0,0,0,0.0,100.0,3,0,0,0.0,4,0,4,24,66.9,89.6,85.8,63.9,0,0,4,0,,112.5,0.0,0,1,0,0,0,0,0.0,33,11.0
15,Spencer Rattler,97408,QB,NO,1,,0,1,,1.7,0,0,0.0,0.0,0,0,0,,1,0,0,20,60.4,60.0,60.0,,0,0,1,0,,39.6,0.0,0,0,0,1,0,0,0.0,0,0.0
15,Jameis Winston,9434,QB,NYG,1,0.0,1,1,2.0,2.4,0,0,0.0,0.0,0,0,1,,1,0,0,21,60.4,55.4,57.2,,0,0,1,0,0.0,39.6,0.0,0,0,0,0,0,0,0.0,0,0.0
week,player,player_id,position,team_name,player_game_count,accuracy_percent,aimed_passes,attempts,avg_depth_of_target,avg_time_to_throw,bats,big_time_throws,btt_rate,completion_percent,completions,declined_penalties,def_gen_pressures,drop_rate,dropbacks,drops,first_downs,franchise_id,grades_hands_fumble,grades_offense,grades_pass,grades_run,hit_as_threw,interceptions,passing_snaps,penalties,pressure_to_sack_rate,qb_rating,sack_percent,sacks,scrambles,spikes,thrown_aways,touchdowns,turnover_worthy_plays,twp_rate,yards,ypa
16,Jared Goff,10635,QB,DET,1,70.6,51,54,6.6,2.49,0,1,1.7,63.0,34,0,22,5.6,57,2,19,11,81.9,74.2,72.8,60.0,1,0,62,0,13.6,101.2,5.3,3,0,0,2,3,1,1.6,364,6.7
16,Tyler Shough,83537,QB,NO,1,73.3,45,49,7.4,2.43,0,1,2.0,65.3,32,0,12,3.0,54,1,16,20,81.0,60.4,61.6,52.3,1,0,55,0,25.0,89.5,5.6,3,2,1,2,1,0,0.0,308,6.3
16,Matthew Stafford,4924,QB,LA,1,71.7,46,49,9.7,2.82,1,5,9.8,59.2,29,0,22,12.1,51,4,17,26,80.8,79.9,80.1,52.3,2,0,53,1,0.0,110.7,0.0,0,2,0,0,3,1,1.9,457,9.3
16,Bo Nix,97790,QB,DEN,1,69.8,43,47,10.2,2.93,1,2,4.3,59.6,28,0,20,6.7,50,2,14,10,35.6,55.0,60.8,34.5,2,1,51,0,5.0,81.2,2.0,1,1,0,1,1,2,3.9,352,7.5
16,Drake Maye,143969,QB,NE,1,73.8,42,44,10.7,3.33,0,2,4.3,70.5,31,0,22,0.0,50,0,17,19,38.4,69.9,69.2,61.7,0,1,53,0,13.6,102.5,6.0,3,3,0,2,2,3,5.7,380,8.6
16,Aaron Rodgers,2241,QB,PIT,1,78.4,37,41,8.1,2.52,1,2,4.4,65.9,27,0,7,6.9,45,2,14,25,80.3,81.0,81.9,51.1,0,0,49,0,28.6,92.1,4.4,2,2,0,3,1,0,0.0,266,6.5
16,Trevor Lawrence,77632,QB,JAX,1,75.0,32,36,8.0,3.23,1,2,5.3,63.9,23,0,21,4.2,44,1,14,15,80.6,81.8,76.0,78.3,1,0,46,0,23.8,115.4,11.4,5,2,0,2,3,0,0.0,279,7.8
16,Philip Rivers,1725,QB,IND,1,67.6,34,35,10.4,2.41,1,2,5.4,65.7,23,0,12,0.0,37,0,13,14,28.0,49.6,49.6,,0,1,39,0,16.7,97.0,5.4,2,0,0,0,2,2,5.1,277,7.9
16,Kirk Cousins,7102,QB,ATL,1,71.9,32,35,5.2,2.51,1,0,0.0,60.0,21,0,12,8.7,36,2,11,2,79.6,79.3,77.3,65.0,0,1,38,0,8.3,82.7,2.8,1,0,0,2,2,0,0.0,197,5.6
16,C.J. Stroud,129759,QB,HST,1,69.7,33,35,8.1,2.59,0,1,2.6,65.7,23,0,7,0.0,36,0,10,13,42.2,72.3,76.3,39.7,1,0,40,0,0.0,88.6,0.0,0,1,0,1,1,0,0.0,187,5.3
16,Brady Cook,124199,QB,NYJ,1,68.8,32,35,4.9,2.65,2,0,0.0,62.9,22,0,11,0.0,44,0,6,22,29.5,28.5,29.0,53.2,0,1,45,0,72.7,64.9,18.2,8,1,0,1,0,2,4.4,188,5.4
16,Caleb Williams,144622,QB,CHI,1,69.0,29,34,10.2,2.99,0,1,2.8,55.9,19,0,18,5.0,38,1,11,6,79.3,74.0,65.5,86.8,0,0,42,2,0.0,98.9,0.0,0,3,0,5,2,1,2.4,250,7.4
16,Sam Darnold,29048,QB,SEA,1,79.3,29,34,6.8,2.6,1,2,5.3,64.7,22,0,18,4.3,42,1,11,29,80.1,63.2,62.6,60.0,1,2,47,0,22.2,84.2,9.5,4,2,1,2,2,2,4.3,270,7.9
16,Brock Purdy,77672,QB,SF,1,81.8,33,34,10.6,3.29,0,4,11.8,73.5,25,0,10,7.4,36,2,20,28,78.5,96.6,95.7,62.2,0,1,36,0,10.0,126.8,2.8,1,1,0,1,5,1,2.8,295,8.7
16,Bryce Young,123943,QB,CAR,1,75.9,29,32,9.0,2.97,1,4,12.5,65.6,21,0,17,4.5,36,1,9,5,78.9,91.6,90.4,69.9,0,0,36,0,11.8,102.5,5.6,2,2,0,2,2,0,0.0,191,6.0
16,Joe Burrow,28022,QB,CIN,1,86.7,30,32,6.7,2.71,0,3,9.4,78.1,25,0,10,3.8,35,1,16,7,78.5,88.1,86.5,62.6,0,0,35,1,20.0,146.5,5.7,2,1,0,2,4,0,0.0,309,9.7
16,Jacoby Brissett,10725,QB,ARZ,1,73.1,26,31,8.7,2.89,1,1,3.1,51.6,16,0,10,15.8,33,3,9,1,78.3,64.6,62.2,62.6,2,1,34,0,20.0,69.7,6.1,2,0,0,2,1,1,2.9,203,6.5
16,Jalen Hurts,40291,QB,PHI,1,75.9,29,30,6.5,2.84,0,1,3.0,73.3,22,0,10,0.0,37,0,14,24,29.1,65.4,61.6,69.0,0,0,40,1,20.0,111.1,5.4,2,5,0,1,2,2,5.0,185,6.2
16,Dak Prescott,10769,QB,DAL,1,78.6,28,30,10.0,3.03,1,3,9.7,70.0,21,0,8,4.5,33,1,13,9,78.1,83.3,81.4,63.7,1,0,34,0,12.5,116.5,3.0,1,2,0,0,2,0,0.0,244,8.1
16,Quinn Ewers,127253,QB,MIA,1,72.4,29,30,8.2,2.74,0,1,3.2,66.7,20,0,8,4.8,31,1,14,17,78.0,59.2,60.4,53.6,0,2,32,0,0.0,66.0,0.0,0,1,0,1,0,2,6.3,260,8.7
16,Shedeur Sanders,131396,QB,CLV,1,88.0,25,29,2.4,3.0,2,0,0.0,69.0,20,0,16,9.1,35,2,10,8,78.6,64.0,59.2,68.7,0,2,37,1,12.5,64.9,5.7,2,4,0,2,1,0,0.0,157,5.4
16,Justin Herbert,28237,QB,LAC,1,85.7,28,29,10.3,3.02,0,3,10.3,79.3,23,0,14,4.2,33,1,16,27,28.2,88.1,91.6,51.9,0,0,33,0,0.0,132.8,0.0,0,4,0,1,2,1,3.0,300,10.3
16,Cam Ward,133244,QB,TEN,1,81.5,27,28,6.1,2.42,0,3,10.3,75.0,21,0,7,4.5,32,1,12,31,78.6,89.9,88.0,65.8,0,0,33,0,28.6,122.3,6.3,2,1,0,1,2,0,0.0,228,8.1
16,Baker Mayfield,46518,QB,TB,1,76.0,25,26,6.7,2.52,0,1,3.6,69.2,18,0,9,5.3,30,1,11,30,78.4,74.7,71.7,74.3,0,1,33,1,22.2,79.8,6.7,2,2,0,1,1,0,0.0,145,5.6
16,Geno Smith,7820,QB,LV,1,72.7,22,23,9.1,3.05,0,3,12.5,69.6,16,0,12,0.0,26,0,8,23,76.8,66.7,65.5,,0,1,27,1,25.0,107.3,11.5,3,0,0,1,2,1,3.7,201,8.7
16,Josh Allen,46601,QB,BUF,1,83.3,18,19,5.8,3.43,0,2,10.5,63.2,12,0,10,20.0,23,3,6,4,77.4,82.7,83.3,63.2,0,0,23,0,20.0,83.2,8.7,2,2,0,1,0,1,4.3,130,6.8
16,Chris Oladokun,40364,QB,KC,1,80.0,15,16,4.5,3.16,0,0,0.0,68.8,11,0,8,8.3,22,1,4,16,24.0,53.2,54.9,54.6,0,0,23,0,50.0,88.3,18.2,4,2,0,1,0,1,4.3,111,6.9
16,J.J. McCarthy,144918,QB,MIN,1,76.9,13,14,6.1,2.86,1,2,12.5,64.3,9,0,7,10.0,19,1,6,18,21.5,45.7,41.2,74.8,0,1,21,1,42.9,58.0,15.8,3,2,0,0,0,3,14.3,108,7.7
16,Marcus Mariota,9435,QB,WAS,1,58.3,12,14,11.7,3.5,0,1,6.7,50.0,7,0,5,0.0,15,0,5,32,74.3,71.8,70.7,60.0,0,0,16,0,20.0,72.0,6.7,1,0,0,2,0,0,0.0,95,6.8
16,Jordan Love,40306,QB,GB,1,75.0,12,13,7.2,2.55,1,0,0.0,61.5,8,0,2,11.1,15,1,5,12,73.9,59.2,56.0,63.9,0,0,17,0,0.0,78.0,0.0,0,1,0,0,0,0,0.0,77,5.9
16,Jaxson Dart,146409,QB,NYG,1,90.9,11,13,5.5,3.28,1,0,0.0,53.8,7,0,9,30.0,19,3,1,21,76.6,42.7,42.6,62.3,1,1,25,1,55.6,27.4,26.3,5,1,0,0,0,2,8.0,33,2.5
16,Malik Willis,60341,QB,GB,1,81.8,11,11,9.2,3.61,0,1,9.1,81.8,9,0,9,0.0,17,0,7,12,25.0,65.4,67.8,58.0,0,0,17,0,22.2,142.8,11.8,2,4,0,0,1,0,0.0,121,11.0
16,Tyler Huntley,46448,QB,BLT,1,90.0,10,10,5.4,2.47,0,0,0.0,90.0,9,0,5,0.0,12,0,2,3,73.3,70.3,71.4,57.9,0,0,13,0,20.0,93.8,8.3,1,1,0,0,0,0,0.0,65,6.5
16,Lamar Jackson,46416,QB,BLT,1,80.0,10,10,11.9,3.42,0,0,0.0,70.0,7,0,5,12.5,10,1,7,3,72.7,85.2,86.7,58.3,0,0,10,0,0.0,102.5,0.0,0,0,0,0,0,0,0.0,101,10.1
16,Max Brosmer,105568,QB,MIN,1,87.5,8,9,6.1,2.68,0,1,11.1,77.8,7,0,6,0.0,10,0,3,18,73.3,77.8,77.2,60.5,1,0,10,0,16.7,90.7,10.0,1,0,0,0,0,0,0.0,52,5.8
16,Josh Johnson,4474,QB,WAS,1,62.5,8,9,3.3,3.02,0,0,0.0,55.6,5,0,4,0.0,10,0,2,32,20.2,28.6,41.1,60.0,1,1,11,0,25.0,28.7,10.0,1,0,0,0,0,1,9.1,43,4.8
16,Gardner Minshew,41401,QB,KC,1,60.0,5,8,1.8,2.61,2,0,0.0,37.5,3,0,2,0.0,9,0,1,16,71.4,39.4,40.7,57.9,0,0,10,0,0.0,45.8,0.0,0,1,0,1,0,0,0.0,15,1.9
16,Joe Milton III,82151,QB,DAL,1,100.0,2,2,3.5,3.07,0,0,0.0,100.0,2,0,1,0.0,3,0,1,9,14.2,36.5,52.0,51.2,0,0,4,0,0.0,89.6,0.0,0,1,0,0,0,1,25.0,11,5.5
16,Riley Leonard,143862,QB,IND,1,0.0,1,1,3.0,2.3,0,0,0.0,0.0,0,0,1,,1,0,0,14,60.4,45.2,46.5,,0,0,1,0,0.0,39.6,0.0,0,0,0,0,0,0,0.0,0,0.0
16,Taysom Hill,12112,TE,NO,1,100.0,1,1,35.0,2.9,0,0,0.0,100.0,1,0,0,0.0,1,0,1,20,24.3,65.3,76.0,53.7,0,0,1,0,,158.3,0.0,0,0,0,0,1,0,0.0,38,38.0
16,Joe Flacco,4332,QB,CIN,1,100.0,1,1,5.0,1.8,0,0,0.0,100.0,1,0,0,0.0,1,0,0,7,60.4,61.2,60.4,,0,0,1,0,,83.3,0.0,0,0,0,0,0,0,0.0,4,4.0
16,Corey Bojorquez,27626,P,CLV,1,,0,1,,3.4,0,0,0.0,0.0,0,0,1,,1,0,0,8,,60.0,60.0,,0,0,1,0,0.0,39.6,0.0,0,0,0,1,0,1,100.0,0,0.0
week,player,player_id,position,team_name,player_game_count,accuracy_percent,aimed_passes,attempts,avg_depth_of_target,avg_time_to_throw,bats,big_time_throws,btt_rate,completion_percent,completions,declined_penalties,def_gen_pressures,drop_rate,dropbacks,drops,first_downs,franchise_id,grades_hands_fumble,grades_offense,grades_pass,grades_run,hit_as_threw,interceptions,passing_snaps,penalties,pressure_to_sack_rate,qb_rating,sack_percent,sacks,scrambles,spikes,thrown_aways,touchdowns,turnover_worthy_plays,twp_rate,yards,ypa
17,Bo Nix,97790,QB,DEN,1,75.7,37,38,6.3,3.03,0,2,5.1,68.4,26,0,14,7.1,44,2,14,10,80.5,82.8,81.5,66.4,0,1,45,0,7.1,76.9,2.3,1,5,0,1,1,0,0.0,182,4.8
17,Dak Prescott,10769,QB,DAL,1,55.6,36,37,11.3,3.0,0,1,2.4,51.4,19,0,13,5.0,45,1,14,9,80.6,68.7,65.2,71.3,0,0,49,0,46.2,97.5,13.3,6,2,0,1,2,1,2.0,307,8.3
17,Jared Goff,10635,QB,DET,1,76.0,25,29,7.3,2.47,3,1,3.4,62.1,18,0,14,5.3,34,1,12,11,20.6,46.6,51.7,41.4,1,2,34,0,35.7,64.9,14.7,5,0,0,0,1,3,8.8,197,6.8
17,Josh Johnson,4474,QB,WAS,1,71.4,21,23,8.3,2.75,0,0,0.0,65.2,15,0,9,0.0,26,0,10,32,76.8,67.5,68.7,54.6,0,0,27,0,11.1,92.3,3.8,1,2,1,1,0,0,0.0,198,8.6
17,Chris Oladokun,40364,QB,KC,1,77.8,18,22,4.6,3.13,1,0,0.0,59.1,13,0,10,7.1,25,1,4,16,25.2,55.3,56.6,54.5,1,0,26,1,10.0,79.0,4.0,1,2,1,1,1,1,3.8,66,3.0
17,Max Brosmer,105568,QB,MIN,1,69.2,13,16,4.6,3.16,0,0,0.0,56.3,9,0,12,0.0,25,0,3,18,25.5,38.3,35.4,61.2,1,0,28,0,58.3,62.2,28.0,7,2,0,2,0,1,3.6,51,3.2
